Block,Day,Stop No,UDISE,School Name,Status,Latitude,Longitude,Google Maps Link,Leg From,Leg KM,Return To Godown KM,Day Total KM,Remarks
CHANDANKIYARI,1,1,20130103101,RAJKIYAKRIT M S BATBINOR,pending,23.675685,86.309028,"https://www.google.com/maps?q=23.675685,86.309028&z=17&hl=en",Godown,10.05,,,
CHANDANKIYARI,1,2,20130101801,RAJKIYAKRIT M S ALUARA,pending,23.697267,86.309862,"https://www.google.com/maps?q=23.697267,86.309862&z=17&hl=en",RAJKIYAKRIT M S BATBINOR,2.40,,,
CHANDANKIYARI,1,3,20130103001,RAJKIYAKRIT M S TALGARIYA,pending,23.700757,86.350917,"https://www.google.com/maps?q=23.700757,86.350917&z=17&hl=en",RAJKIYAKRIT M S ALUARA,4.20,,,
CHANDANKIYARI,1,4,20130105703,UPG RAJKIYAKRIT M S AMLABAD,pending,23.684927,86.375026,"https://www.google.com/maps?q=23.684927,86.375026&z=17&hl=en",RAJKIYAKRIT M S TALGARIYA,3.02,,,
CHANDANKIYARI,1,5,20130105412,UPG RAJKIYAKRIT M S BIRUBANDH,pending,23.664796,86.368952,"https://www.google.com/maps?q=23.664796,86.368952&z=17&hl=en",UPG RAJKIYAKRIT M S AMLABAD,2.32,,,
CHANDANKIYARI,1,6,20130102501,UPG RAJKIYAKRIT M S DEVGRAM,pending,23.667868,86.351676,"https://www.google.com/maps?q=23.667868,86.351676&z=17&hl=en",UPG RAJKIYAKRIT M S BIRUBANDH,1.79,,,
CHANDANKIYARI,1,7,20130106401,UPG RAJKIYAKRIT M S ASANSOL,pending,23.651992,86.35,"https://www.google.com/maps?q=23.651992,86.35&z=17&hl=en",UPG RAJKIYAKRIT M S DEVGRAM,1.77,,,
CHANDANKIYARI,1,8,20130105402,UPG RAJKIYAKRIT M S GAHIRA,pending,23.632817,86.381382,"https://www.google.com/maps?q=23.632817,86.381382&z=17&hl=en",UPG RAJKIYAKRIT M S ASANSOL,3.84,,,
CHANDANKIYARI,1,9,20130106804,UPG RAJKIYAKRIT M S BRAHMAN LAGHLA,pending,23.622179,86.391766,"https://www.google.com/maps?q=23.622179,86.391766&z=17&hl=en",UPG RAJKIYAKRIT M S GAHIRA,1.59,19.65,50.64,
CHANDANKIYARI,2,1,20130101101,RAJKIYAKRIT M S UDALBANI,pending,23.618433,86.280602,"https://www.google.com/maps?q=23.618433,86.280602&z=17&hl=en",Godown,10.13,,,
CHANDANKIYARI,2,2,20130101401,RAJKIYAKRIT M S CHANDRA,pending,23.59453,86.30324,"https://www.google.com/maps?q=23.59453,86.30324&z=17&hl=en",RAJKIYAKRIT M S UDALBANI,3.52,,,
CHANDANKIYARI,2,3,20130101406,UPG RAJKIYAKRIT M S CHAMRABAD,pending,23.588128,86.31249,"https://www.google.com/maps?q=23.588128,86.31249&z=17&hl=en",RAJKIYAKRIT M S CHANDRA,1.18,,,
CHANDANKIYARI,2,4,20130100301,RAJKIYAKRIT M S KUMIRDOBA,pending,23.566899,86.324093,"https://www.google.com/maps?q=23.566899,86.324093&z=17&hl=en",UPG RAJKIYAKRIT M S CHAMRABAD,2.64,,,
CHANDANKIYARI,2,5,20130101702,UPG RAJKIYAKRIT M S BARKAMA,pending,23.588809,86.34313,"https://www.google.com/maps?q=23.588809,86.34313&z=17&hl=en",RAJKIYAKRIT M S KUMIRDOBA,3.11,,,
CHANDANKIYARI,2,6,20130103902,UPG RAJKIYAKRIT M S BARAJORE,pending,23.60663,86.337713,"https://www.google.com/maps?q=23.60663,86.337713&z=17&hl=en",UPG RAJKIYAKRIT M S BARKAMA,2.06,,,
CHANDANKIYARI,2,7,20130104101,UPG RAJKIYAKRIT M S BOGULA,pending,23.607619,86.36633,"https://www.google.com/maps?q=23.607619,86.36633&z=17&hl=en",UPG RAJKIYAKRIT M S BARAJORE,2.92,,,
CHANDANKIYARI,2,8,20130104301,UPG RAJKIYAKRIT M S GALGALTAND,pending,23.5906,86.371524,"https://www.google.com/maps?q=23.5906,86.371524&z=17&hl=en",UPG RAJKIYAKRIT M S BOGULA,1.97,,,
CHANDANKIYARI,2,9,20130101606,UPG RAJKIYAKRIT M S CHANDANKIYARI BAZAR,pending,23.576374,86.360351,"https://www.google.com/maps?q=23.576374,86.360351&z=17&hl=en",UPG RAJKIYAKRIT M S GALGALTAND,1.95,19.33,48.81,
CHANDANKIYARI,3,1,20130100101,UPG RAJKIYAKRIT M S DEYULTAND,pending,23.546483,86.291601,"https://www.google.com/maps?q=23.546483,86.291601&z=17&hl=en",Godown,17.30,,,
CHANDANKIYARI,3,2,20130109601,UPG RAJKIYAKRIT M S DAMUDIH,pending,23.519633,86.274003,"https://www.google.com/maps?q=23.519633,86.274003&z=17&hl=en",UPG RAJKIYAKRIT M S DEYULTAND,3.48,,,
CHANDANKIYARI,3,3,20130111801,UPG RAJKIYAKRIT M S GOSAIDIH,pending,23.50289,86.254767,"https://www.google.com/maps?q=23.50289,86.254767&z=17&hl=en",UPG RAJKIYAKRIT M S DAMUDIH,2.70,,,
CHANDANKIYARI,3,4,20130107501,RAJKIYAKRIT M S KALIKAPUR,pending,23.464988,86.257514,"https://www.google.com/maps?q=23.464988,86.257514&z=17&hl=en",UPG RAJKIYAKRIT M S GOSAIDIH,4.22,,,
CHANDANKIYARI,3,5,20130107701,UPG RAJKIYAKRIT M S FUSRO,pending,23.431362,86.281546,"https://www.google.com/maps?q=23.431362,86.281546&z=17&hl=en",RAJKIYAKRIT M S KALIKAPUR,4.47,,,
CHANDANKIYARI,3,6,20130110105,RAJKIYAKRIT M S KHEDADIH,pending,23.454965,86.300513,"https://www.google.com/maps?q=23.454965,86.300513&z=17&hl=en",UPG RAJKIYAKRIT M S FUSRO,3.26,,,
CHANDANKIYARI,3,7,20130107401,UPG RAJKIYAKRIT M S BORIYADIH,pending,23.4876,86.320911,"https://www.google.com/maps?q=23.4876,86.320911&z=17&hl=en",RAJKIYAKRIT M S KHEDADIH,4.18,,,
CHANDANKIYARI,3,8,20130108601,RAJKIYAKRIT M S JHALBARDA,pending,23.506138,86.300942,"https://www.google.com/maps?q=23.506138,86.300942&z=17&hl=en",UPG RAJKIYAKRIT M S BORIYADIH,2.90,,,
CHANDANKIYARI,3,9,20130111703,RAJKIYAKRIT M S NAWDIHA,pending,23.513192,86.314969,"https://www.google.com/maps?q=23.513192,86.314969&z=17&hl=en",RAJKIYAKRIT M S JHALBARDA,1.63,21.69,65.85,
CHANDANKIYARI,4,1,20130101602,RAJKIYAKRIT M S CHANDANKIYARI (GIRLS),pending,23.569156,86.363976,"https://www.google.com/maps?q=23.569156,86.363976&z=17&hl=en",Godown,20.12,,,
CHANDANKIYARI,4,2,20130109802,UPG RAJKIYAKRIT M S GHAGHARGORA,pending,23.549281,86.373535,"https://www.google.com/maps?q=23.549281,86.373535&z=17&hl=en",RAJKIYAKRIT M S CHANDANKIYARI (GIRLS),2.42,,,
CHANDANKIYARI,4,3,20130109701,UPG RAJKIYAKRIT M S CHANDIPUR,pending,23.547131,86.345815,"https://www.google.com/maps?q=23.547131,86.345815&z=17&hl=en",UPG RAJKIYAKRIT M S GHAGHARGORA,2.84,,,
CHANDANKIYARI,4,4,20130109901,UPG RAJKIYAKRIT M S BODMA,pending,23.527481,86.347228,"https://www.google.com/maps?q=23.527481,86.347228&z=17&hl=en",UPG RAJKIYAKRIT M S CHANDIPUR,2.19,,,
CHANDANKIYARI,4,5,20130112701,UPG RAJKIYAKRIT M S BANSTORA,pending,23.530292,86.331596,"https://www.google.com/maps?q=23.530292,86.331596&z=17&hl=en",UPG RAJKIYAKRIT M S BODMA,1.62,,,
CHANDANKIYARI,4,6,20130109301,UPG RAJKIYAKRIT M S CHIRDA,pending,23.467908,86.354382,"https://www.google.com/maps?q=23.467908,86.354382&z=17&hl=en",UPG RAJKIYAKRIT M S BANSTORA,7.32,,,
CHANDANKIYARI,4,7,20130100901,RAJKIYAKRIT M S SIMULIYA,pending,23.606369,86.404729,"https://www.google.com/maps?q=23.606369,86.404729&z=17&hl=en",UPG RAJKIYAKRIT M S CHIRDA,16.23,,,
CHANDANKIYARI,4,8,20130100701,RAJKIYAKRIT M S MADRA,pending,23.604418,86.421506,"https://www.google.com/maps?q=23.604418,86.421506&z=17&hl=en",RAJKIYAKRIT M S SIMULIYA,1.72,,,
CHANDANKIYARI,4,9,20130102101,RAJKIYAKRIT M S BHOJUDIH,pending,23.64172,86.433088,"https://www.google.com/maps?q=23.64172,86.433088&z=17&hl=en",RAJKIYAKRIT M S MADRA,4.31,23.12,81.88,
CHANDANKIYARI,5,1,20130101901,UPG RAJKIYAKRIT M S GUNDLIBHITHA,pending,23.641834,86.409612,"https://www.google.com/maps?q=23.641834,86.409612&z=17&hl=en",Godown,20.78,,,
CHANDANKIYARI,5,2,20130104901,UPG RAJKIYAKRIT M S GOURIGRAM,pending,23.651757,86.42324,"https://www.google.com/maps?q=23.651757,86.42324&z=17&hl=en",UPG RAJKIYAKRIT M S GUNDLIBHITHA,1.77,21.93,44.48,
CHANDRAPURA,1,1,20131300608,UPG P S BAGHMARITAND,pending,23.737661,86.176972,"https://www.google.com/maps?q=23.737661,86.176972&z=17&hl=en",Godown,6.95,,,
CHANDRAPURA,1,2,20131300615,UPG P S JHAGRAHIBAD,pending,23.73615,86.164703,"https://www.google.com/maps?q=23.73615,86.164703&z=17&hl=en",UPG P S BAGHMARITAND,1.26,,,
CHANDRAPURA,1,3,20131300610,UPG P S BERABASTI,pending,23.733276,86.160341,"https://www.google.com/maps?q=23.733276,86.160341&z=17&hl=en",UPG P S JHAGRAHIBAD,0.55,,,
CHANDRAPURA,1,4,20131300609,UPG P S BADKITAND,pending,23.746535,86.153893,"https://www.google.com/maps?q=23.746535,86.153893&z=17&hl=en",UPG P S BERABASTI,1.61,,,
CHANDRAPURA,1,5,20131300601,RAJKIYAKRIT M S DUGDHA,pending,23.750287,86.158741,"https://www.google.com/maps?q=23.750287,86.158741&z=17&hl=en",UPG P S BADKITAND,0.65,,,
CHANDRAPURA,1,6,20131300602,UPG RAJKIYAKRIT M S DUGDA COALWASHRI,pending,23.748755,86.16807,"https://www.google.com/maps?q=23.748755,86.16807&z=17&hl=en",RAJKIYAKRIT M S DUGDHA,0.96,,,
CHANDRAPURA,1,7,20131302105,RAJKIYAKRIT P S NORTH DAMODAR,pending,23.757049,86.176743,"https://www.google.com/maps?q=23.757049,86.176743&z=17&hl=en",UPG RAJKIYAKRIT M S DUGDA COALWASHRI,1.28,,,
CHANDRAPURA,1,8,20131302101,RAJKIYAKRIT M S SIJUA,pending,23.760762,86.166104,"https://www.google.com/maps?q=23.760762,86.166104&z=17&hl=en",RAJKIYAKRIT P S NORTH DAMODAR,1.16,,,
CHANDRAPURA,1,9,20131300611,RAJKIYAKRIT P S PARSATAND (D-2018),pending,23.760792,86.166111,"https://www.google.com/maps?q=23.760792,86.166111&z=17&hl=en",RAJKIYAKRIT M S SIJUA,0.00,9.74,24.17,
CHANDRAPURA,2,1,20131303701,RAJKIYAKRIT P S BUDHIDIH,pending,23.736447,86.142544,"https://www.google.com/maps?q=23.736447,86.142544&z=17&hl=en",Godown,9.12,,,
CHANDRAPURA,2,2,20131300616,SSA NPS PHULJHARIYA,pending,23.742559,86.144031,"https://www.google.com/maps?q=23.742559,86.144031&z=17&hl=en",RAJKIYAKRIT P S BUDHIDIH,0.70,,,
CHANDRAPURA,2,3,20131300607,UPG P S MAILAGARHA,pending,23.747233,86.136038,"https://www.google.com/maps?q=23.747233,86.136038&z=17&hl=en",SSA NPS PHULJHARIYA,0.97,,,
CHANDRAPURA,2,4,20131302001,RAJKIYAKRIT M S RATARI,pending,23.756231,86.142479,"https://www.google.com/maps?q=23.756231,86.142479&z=17&hl=en",UPG P S MAILAGARHA,1.20,,,
CHANDRAPURA,2,5,20131301401,RAJKIYAKRIT P S KURUMBA,pending,23.763615,86.14108,"https://www.google.com/maps?q=23.763615,86.14108&z=17&hl=en",RAJKIYAKRIT M S RATARI,0.83,,,
CHANDRAPURA,2,6,20131300101,UPG RAJKIYAKRIT M S BANDHDIH,pending,23.763959,86.143859,"https://www.google.com/maps?q=23.763959,86.143859&z=17&hl=en",RAJKIYAKRIT P S KURUMBA,0.29,,,
CHANDRAPURA,2,7,20131301404,UPG P S MADANPUR,pending,23.766189,86.148918,"https://www.google.com/maps?q=23.766189,86.148918&z=17&hl=en",UPG RAJKIYAKRIT M S BANDHDIH,0.57,,,
CHANDRAPURA,2,8,20131301408,SSA NPS AMRATAND,pending,23.771429,86.139655,"https://www.google.com/maps?q=23.771429,86.139655&z=17&hl=en",UPG P S MADANPUR,1.11,,,
CHANDRAPURA,2,9,20131301402,RAJKIYAKRIT M S CHANDANABAD,pending,23.765234,86.136591,"https://www.google.com/maps?q=23.765234,86.136591&z=17&hl=en",SSA NPS AMRATAND,0.76,11.83,27.36,
CHANDRAPURA,3,1,20131301301,RAJKIYAKRIT M S KARMATAND,pending,23.762939,86.161753,"https://www.google.com/maps?q=23.762939,86.161753&z=17&hl=en",Godown,10.16,,,
CHANDRAPURA,3,2,20131301303,UPG P S PARSADIH,pending,23.766933,86.162066,"https://www.google.com/maps?q=23.766933,86.162066&z=17&hl=en",RAJKIYAKRIT M S KARMATAND,0.45,,,
CHANDRAPURA,3,3,20131301305,RAJKIYAKRIT P S RAMGARH JHARIYA,pending,23.768461,86.164061,"https://www.google.com/maps?q=23.768461,86.164061&z=17&hl=en",UPG P S PARSADIH,0.26,,,
CHANDRAPURA,3,4,20131302104,RAJKIYAKRIT P S ALWIYAN KOLIYARI,pending,23.771271,86.166995,"https://www.google.com/maps?q=23.771271,86.166995&z=17&hl=en",RAJKIYAKRIT P S RAMGARH JHARIYA,0.43,,,
CHANDRAPURA,3,5,20131302102,UPG P S HIRGHUTTU,pending,23.771486,86.172477,"https://www.google.com/maps?q=23.771486,86.172477&z=17&hl=en",RAJKIYAKRIT P S ALWIYAN KOLIYARI,0.56,,,
CHANDRAPURA,3,6,20131300801,UPG P S GHUTWAY,pending,23.779456,86.161702,"https://www.google.com/maps?q=23.779456,86.161702&z=17&hl=en",UPG P S HIRGHUTTU,1.41,,,
CHANDRAPURA,3,7,20131301201,UPG RAJKIYAKRIT M S KARIDAGDHO,pending,23.78372,86.150889,"https://www.google.com/maps?q=23.78372,86.150889&z=17&hl=en",UPG P S GHUTWAY,1.20,,,
CHANDRAPURA,3,8,20131303502,UPG P S REHWA,pending,23.789664,86.149061,"https://www.google.com/maps?q=23.789664,86.149061&z=17&hl=en",UPG RAJKIYAKRIT M S KARIDAGDHO,0.69,,,
CHANDRAPURA,3,9,20131303503,UPG P S CHIRUBAD,pending,23.794159,86.152757,"https://www.google.com/maps?q=23.794159,86.152757&z=17&hl=en",UPG P S REHWA,0.63,13.67,29.45,
CHANDRAPURA,4,1,20131300410,SSA NPS KHANUDIH,pending,23.750904,86.123416,"https://www.google.com/maps?q=23.750904,86.123416&z=17&hl=en",Godown,11.64,,,
CHANDRAPURA,4,2,20131300201,UPG RAJKIYAKRIT M S BARWADIH,pending,23.753811,86.115211,"https://www.google.com/maps?q=23.753811,86.115211&z=17&hl=en",SSA NPS KHANUDIH,0.90,,,
CHANDRAPURA,4,3,20131300702,UPG P S LALMATIA,pending,23.761859,86.110208,"https://www.google.com/maps?q=23.761859,86.110208&z=17&hl=en",UPG RAJKIYAKRIT M S BARWADIH,1.03,,,
CHANDRAPURA,4,4,20131300701,UPG RAJKIYAKRIT +2 HIGH SCHOOL GHATIYARI,pending,23.761922,86.109941,"https://www.google.com/maps?q=23.761922,86.109941&z=17&hl=en",UPG P S LALMATIA,0.03,,,
CHANDRAPURA,4,5,20131300705,UPG P S MANGALDADI,pending,23.766698,86.107352,"https://www.google.com/maps?q=23.766698,86.107352&z=17&hl=en",UPG RAJKIYAKRIT +2 HIGH SCHOOL GHATIYARI,0.59,,,
CHANDRAPURA,4,6,20131300704,UPG P S DAHI LATBEDHI,pending,23.770555,86.111936,"https://www.google.com/maps?q=23.770555,86.111936&z=17&hl=en",UPG P S MANGALDADI,0.63,,,
CHANDRAPURA,4,7,20131301403,UPG P S MANJHLIPATRA,pending,23.768391,86.114048,"https://www.google.com/maps?q=23.768391,86.114048&z=17&hl=en",UPG P S DAHI LATBEDHI,0.32,,,
CHANDRAPURA,4,8,20131300703,UPG P S BHURSABAD,pending,23.765863,86.115633,"https://www.google.com/maps?q=23.765863,86.115633&z=17&hl=en",UPG P S MANJHLIPATRA,0.32,,,
CHANDRAPURA,4,9,20131301001,UPG RAJKIYAKRIT M S JARUA MADANPUR,pending,23.776853,86.116669,"https://www.google.com/maps?q=23.776853,86.116669&z=17&hl=en",UPG P S BHURSABAD,1.23,14.14,30.83,
CHANDRAPURA,5,1,20131300606,UPG P S JHARNABASTI,pending,23.741785,86.112588,"https://www.google.com/maps?q=23.741785,86.112588&z=17&hl=en",Godown,11.92,,,
CHANDRAPURA,5,2,20131300618,KGBV BERMO,pending,23.741719,86.106797,"https://www.google.com/maps?q=23.741719,86.106797&z=17&hl=en",UPG P S JHARNABASTI,0.59,,,
CHANDRAPURA,5,3,20131301903,UPG P S SWEEPERCOLONY,pending,23.748028,86.105631,"https://www.google.com/maps?q=23.748028,86.105631&z=17&hl=en",KGBV BERMO,0.71,,,
CHANDRAPURA,5,4,20131301902,RAJKIYAKRIT P S RANGAMATI,pending,23.750129,86.103587,"https://www.google.com/maps?q=23.750129,86.103587&z=17&hl=en",UPG P S SWEEPERCOLONY,0.31,,,
CHANDRAPURA,5,5,20131301901,RAJKIYAKRIT M S CHANDRAPURA SOUTH,pending,23.747311,86.102428,"https://www.google.com/maps?q=23.747311,86.102428&z=17&hl=en",RAJKIYAKRIT P S RANGAMATI,0.33,,,
CHANDRAPURA,5,6,20131301702,UPG P S KARAMARA,pending,23.747131,86.094797,"https://www.google.com/maps?q=23.747131,86.094797&z=17&hl=en",RAJKIYAKRIT M S CHANDRAPURA SOUTH,0.78,,,
CHANDRAPURA,5,7,20131300409,UPG PS JHINJHIRGUTU,pending,23.747136,86.094778,"https://www.google.com/maps?q=23.747136,86.094778&z=17&hl=en",UPG P S KARAMARA,0.00,,,
CHANDRAPURA,5,8,20131301701,UPG RAJKIYAKRIT M S RAJABEDA,pending,23.743158,86.086038,"https://www.google.com/maps?q=23.743158,86.086038&z=17&hl=en",UPG PS JHINJHIRGUTU,0.99,,,
CHANDRAPURA,5,9,20131301603,UPG P S PIPRADIH,pending,23.769137,86.086673,"https://www.google.com/maps?q=23.769137,86.086673&z=17&hl=en",UPG RAJKIYAKRIT M S RAJABEDA,2.89,15.83,34.36,
CHANDRAPURA,6,1,20131300901,RAJKIYAKRIT P S HARDHOWA,pending,23.78263,86.142069,"https://www.google.com/maps?q=23.78263,86.142069&z=17&hl=en",Godown,13.07,,,
CHANDRAPURA,6,2,20131303401,UPG RAJKIYAKRIT M S TARANARI,pending,23.78794,86.129148,"https://www.google.com/maps?q=23.78794,86.129148&z=17&hl=en",RAJKIYAKRIT P S HARDHOWA,1.44,,,
CHANDRAPURA,6,3,20131303405,UPG P S LAXMIPUR,pending,23.782092,86.124834,"https://www.google.com/maps?q=23.782092,86.124834&z=17&hl=en",UPG RAJKIYAKRIT M S TARANARI,0.78,,,
CHANDRAPURA,6,4,20131301409,SSA NPS AGARDIH,pending,23.780549,86.117937,"https://www.google.com/maps?q=23.780549,86.117937&z=17&hl=en",UPG P S LAXMIPUR,0.72,,,
CHANDRAPURA,6,5,20131303201,RAJKIYAKRIT GOVT. SECONDARY SCHOOL JUNOURI,pending,23.783362,86.116421,"https://www.google.com/maps?q=23.783362,86.116421&z=17&hl=en",SSA NPS AGARDIH,0.35,,,
CHANDRAPURA,6,6,20131303202,UPG P S JUNOURITAND,pending,23.787495,86.117606,"https://www.google.com/maps?q=23.787495,86.117606&z=17&hl=en",RAJKIYAKRIT GOVT. SECONDARY SCHOOL JUNOURI,0.48,,,
CHANDRAPURA,6,7,20131303104,UPG P S BELIATAND,pending,23.780212,86.112367,"https://www.google.com/maps?q=23.780212,86.112367&z=17&hl=en",UPG P S JUNOURITAND,0.97,,,
CHANDRAPURA,6,8,20131303103,UPG P S HARLATAND,pending,23.784507,86.105541,"https://www.google.com/maps?q=23.784507,86.105541&z=17&hl=en",UPG P S BELIATAND,0.84,,,
CHANDRAPURA,6,9,20131303105,UPG P S TURITOLA,pending,23.786542,86.102861,"https://www.google.com/maps?q=23.786542,86.102861&z=17&hl=en",UPG P S HARLATAND,0.35,15.88,34.89,
CHANDRAPURA,7,1,20131303404,UPG P S AAMTOLA,pending,23.776143,86.128367,"https://www.google.com/maps?q=23.776143,86.128367&z=17&hl=en",Godown,13.30,,,
CHANDRAPURA,7,2,20131303403,UPG P S MADHUBAN,pending,23.794262,86.132903,"https://www.google.com/maps?q=23.794262,86.132903&z=17&hl=en",UPG P S AAMTOLA,2.07,,,
CHANDRAPURA,7,3,20131303402,UPG P S BEHRATAND,pending,23.796885,86.1345,"https://www.google.com/maps?q=23.796885,86.1345&z=17&hl=en",UPG P S MADHUBAN,0.33,,,
CHANDRAPURA,7,4,20131301302,UPG P S NAIPAHARI,pending,23.797655,86.140031,"https://www.google.com/maps?q=23.797655,86.140031&z=17&hl=en",UPG P S BEHRATAND,0.57,,,
CHANDRAPURA,7,5,20131303501,UPG RAJKIYAKRIT HIGH SCHOOL TARANGA,pending,23.801535,86.147089,"https://www.google.com/maps?q=23.801535,86.147089&z=17&hl=en",UPG P S NAIPAHARI,0.84,,,
CHANDRAPURA,7,6,20131303505,SSA NPS JAMUNIA TAND,pending,23.808381,86.146512,"https://www.google.com/maps?q=23.808381,86.146512&z=17&hl=en",UPG RAJKIYAKRIT HIGH SCHOOL TARANGA,0.76,,,
CHANDRAPURA,7,7,20131302702,UPG P S BHALGADHA,pending,23.81069,86.155134,"https://www.google.com/maps?q=23.81069,86.155134&z=17&hl=en",SSA NPS JAMUNIA TAND,0.91,,,
CHANDRAPURA,7,8,20131302701,UPG RAJKIYAKRIT M S CHADRI,pending,23.817303,86.152342,"https://www.google.com/maps?q=23.817303,86.152342&z=17&hl=en",UPG P S BHALGADHA,0.79,,,
CHANDRAPURA,7,9,20131302703,UPG P S BAHIYARHIR,pending,23.823322,86.154035,"https://www.google.com/maps?q=23.823322,86.154035&z=17&hl=en",UPG RAJKIYAKRIT M S CHADRI,0.69,16.61,36.87,
CHANDRAPURA,8,1,20131303102,UPG RAJKIYAKRIT M S NARRA,pending,23.780093,86.103805,"https://www.google.com/maps?q=23.780093,86.103805&z=17&hl=en",Godown,15.31,,,
CHANDRAPURA,8,2,20131303101,UPG P S GATIGARHA,pending,23.784947,86.095318,"https://www.google.com/maps?q=23.784947,86.095318&z=17&hl=en",UPG RAJKIYAKRIT M S NARRA,1.02,,,
CHANDRAPURA,8,3,20131302502,UPG RAJKIYAKRIT M S FATEHPUR,pending,23.795254,86.094177,"https://www.google.com/maps?q=23.795254,86.094177&z=17&hl=en",UPG P S GATIGARHA,1.15,,,
CHANDRAPURA,8,4,20131302501,UPG P S KORKOTA,pending,23.798165,86.084358,"https://www.google.com/maps?q=23.798165,86.084358&z=17&hl=en",UPG RAJKIYAKRIT M S FATEHPUR,1.05,,,
CHANDRAPURA,8,5,20131302404,UPG RAJKIYAKRIT M S LAHARBERA,pending,23.812904,86.088508,"https://www.google.com/maps?q=23.812904,86.088508&z=17&hl=en",UPG P S KORKOTA,1.69,,,
CHANDRAPURA,8,6,20131302403,UPG P S HATHIYA PATTHAR,pending,23.819127,86.081475,"https://www.google.com/maps?q=23.819127,86.081475&z=17&hl=en",UPG RAJKIYAKRIT M S LAHARBERA,1.00,,,
CHANDRAPURA,8,7,20131302405,UPG P S BHANDARTOLA,pending,23.819539,86.074814,"https://www.google.com/maps?q=23.819539,86.074814&z=17&hl=en",UPG P S HATHIYA PATTHAR,0.68,,,
CHANDRAPURA,8,8,20131302402,UPG P S BANDIO,pending,23.811842,86.066328,"https://www.google.com/maps?q=23.811842,86.066328&z=17&hl=en",UPG P S BHANDARTOLA,1.22,,,
CHANDRAPURA,8,9,20131302401,RAJKIYAKRIT GOVT. SECONDARY SCHOOL BANDIYO,pending,23.812257,86.064294,"https://www.google.com/maps?q=23.812257,86.064294&z=17&hl=en",UPG P S BANDIO,0.21,20.68,44.00,
CHANDRAPURA,9,1,20131300401,RAJKIYAKRIT P S PIPRADIH STATION,pending,23.775697,86.086838,"https://www.google.com/maps?q=23.775697,86.086838&z=17&hl=en",Godown,16.27,,,
CHANDRAPURA,9,2,20131303001,UPG RAJKIYAKRIT M S ALARGO,pending,23.775866,86.076255,"https://www.google.com/maps?q=23.775866,86.076255&z=17&hl=en",RAJKIYAKRIT P S PIPRADIH STATION,1.08,,,
CHANDRAPURA,9,3,20131303002,UPG P S SIMRAKULHI,pending,23.7736,86.07048,"https://www.google.com/maps?q=23.7736,86.07048&z=17&hl=en",UPG RAJKIYAKRIT M S ALARGO,0.64,,,
CHANDRAPURA,9,4,20131302204,SSA NPS SARAIYATAND,pending,23.770579,86.067773,"https://www.google.com/maps?q=23.770579,86.067773&z=17&hl=en",UPG P S SIMRAKULHI,0.43,,,
CHANDRAPURA,9,5,20131300502,UPG P S SARAIYATAND 1,pending,23.7705,86.067786,"https://www.google.com/maps?q=23.7705,86.067786&z=17&hl=en",SSA NPS SARAIYATAND,0.01,,,
CHANDRAPURA,9,6,20131300501,UPG RAJKIYAKRIT M S CHIRUDIH,pending,23.767751,86.074888,"https://www.google.com/maps?q=23.767751,86.074888&z=17&hl=en",UPG P S SARAIYATAND 1,0.78,,,
CHANDRAPURA,9,7,20131302202,UPG RAJKIYAKRIT M S TARAMBIGRAM,pending,23.777258,86.062254,"https://www.google.com/maps?q=23.777258,86.062254&z=17&hl=en",UPG RAJKIYAKRIT M S CHIRUDIH,1.66,,,
CHANDRAPURA,9,8,20131302201,RAJKIYAKRIT P S TARAMBI,pending,23.779531,86.054645,"https://www.google.com/maps?q=23.779531,86.054645&z=17&hl=en",UPG RAJKIYAKRIT M S TARAMBIGRAM,0.81,,,
CHANDRAPURA,9,9,20131302203,UPG P S BHANDARIDAH COLONY,pending,23.770082,86.048489,"https://www.google.com/maps?q=23.770082,86.048489&z=17&hl=en",RAJKIYAKRIT P S TARAMBI,1.22,19.13,42.04,
CHANDRAPURA,10,1,20131303301,UPG RAJKIYAKRIT M S PAPLO,pending,23.800901,86.115554,"https://www.google.com/maps?q=23.800901,86.115554&z=17&hl=en",Godown,16.27,,,
CHANDRAPURA,10,2,20131302808,UPG P S FULSODIH,pending,23.810311,86.127277,"https://www.google.com/maps?q=23.810311,86.127277&z=17&hl=en",UPG RAJKIYAKRIT M S PAPLO,1.59,,,
CHANDRAPURA,10,3,20131302803,RAJKIYAKRIT P S MAKTAB TELO,pending,23.809799,86.129857,"https://www.google.com/maps?q=23.809799,86.129857&z=17&hl=en",UPG P S FULSODIH,0.27,,,
CHANDRAPURA,10,4,20131302802,PM SHRI RAJKIYAKRIT M S TELO,pending,23.816879,86.120155,"https://www.google.com/maps?q=23.816879,86.120155&z=17&hl=en",RAJKIYAKRIT P S MAKTAB TELO,1.26,,,
CHANDRAPURA,10,5,20131302801,UPG RAJKIYAKRIT M S TELO (KANYA),pending,23.816504,86.119754,"https://www.google.com/maps?q=23.816504,86.119754&z=17&hl=en",PM SHRI RAJKIYAKRIT M S TELO,0.06,,,
CHANDRAPURA,10,6,20131302804,UPG P S MIRCHAITAND,pending,23.815648,86.113646,"https://www.google.com/maps?q=23.815648,86.113646&z=17&hl=en",UPG RAJKIYAKRIT M S TELO (KANYA),0.63,,,
CHANDRAPURA,10,7,20131302809,UPG P S BADAHI TELO,pending,23.822655,86.114246,"https://www.google.com/maps?q=23.822655,86.114246&z=17&hl=en",UPG P S MIRCHAITAND,0.78,,,
CHANDRAPURA,10,8,20131302811,SSA NPS TELI BANDH,pending,23.824834,86.105331,"https://www.google.com/maps?q=23.824834,86.105331&z=17&hl=en",UPG P S BADAHI TELO,0.94,,,
CHANDRAPURA,10,9,20131302901,UPG RAJKIYAKRIT M S KHALCHO,pending,23.812015,86.099416,"https://www.google.com/maps?q=23.812015,86.099416&z=17&hl=en",SSA NPS TELI BANDH,1.55,18.25,41.60,
CHANDRAPURA,11,1,20131302805,UPG P S DANDUDIH,pending,23.82308,86.133341,"https://www.google.com/maps?q=23.82308,86.133341&z=17&hl=en",Godown,17.43,,,
CHANDRAPURA,11,2,20131302301,UPG RAJKIYAKRIT M S TURIYO,pending,23.755997,86.043169,"https://www.google.com/maps?q=23.755997,86.043169&z=17&hl=en",UPG P S DANDUDIH,11.82,,,
CHANDRAPURA,11,3,20131300419,JHARKHAND BALIKA AWASIYA VIDYALAYA CHANDRAPURA,pending,23.745183,85.832451,"https://www.google.com/maps?q=23.745183,85.832451&z=17&hl=en",UPG RAJKIYAKRIT M S TURIYO,21.48,39.12,89.85,
CHAS,1,1,20130308801,UPG RAJKIYAKRIT M S DUMARJOR,pending,23.66591,86.202885,"https://www.google.com/maps?q=23.66591,86.202885&z=17&hl=en",Godown,2.09,,,
CHAS,1,2,20130326901,RAJKIYAKRIT M S JAMGORIA,pending,23.645548,86.202904,"https://www.google.com/maps?q=23.645548,86.202904&z=17&hl=en",UPG RAJKIYAKRIT M S DUMARJOR,2.26,,,
CHAS,1,3,20130327002,RAJKIYAKRIT M S SALAGIDIH,pending,23.633276,86.194794,"https://www.google.com/maps?q=23.633276,86.194794&z=17&hl=en",RAJKIYAKRIT M S JAMGORIA,1.60,,,
CHAS,1,4,20130329304,RAJKIYAKRIT ADARSH M S YODHADIH,pending,23.627306,86.185775,"https://www.google.com/maps?q=23.627306,86.185775&z=17&hl=en",RAJKIYAKRIT M S SALAGIDIH,1.13,,,
CHAS,1,5,20130327603,UPG RAJKIYAKRIT M S CHAS (URDU),pending,23.636729,86.175498,"https://www.google.com/maps?q=23.636729,86.175498&z=17&hl=en",RAJKIYAKRIT ADARSH M S YODHADIH,1.48,,,
CHAS,1,6,20130327501,UPG RAJKIYAKRIT M S BAURITOLA,pending,23.635596,86.167313,"https://www.google.com/maps?q=23.635596,86.167313&z=17&hl=en",UPG RAJKIYAKRIT M S CHAS (URDU),0.84,,,
CHAS,1,7,20130328604,RAJKIYAKRIT M S CHAS,pending,23.636258,86.164928,"https://www.google.com/maps?q=23.636258,86.164928&z=17&hl=en",UPG RAJKIYAKRIT M S BAURITOLA,0.25,,,
CHAS,1,8,20130326501,PM SHRI UPG RAJKIYAKRIT M S BHARRA URDU,pending,23.651944,86.163803,"https://www.google.com/maps?q=23.651944,86.163803&z=17&hl=en",RAJKIYAKRIT M S CHAS,1.75,,,
CHAS,1,9,20130326702,UPG RAJKIYAKRIT M S CHIRACHAS,pending,23.657023,86.176076,"https://www.google.com/maps?q=23.657023,86.176076&z=17&hl=en",PM SHRI UPG RAJKIYAKRIT M S BHARRA URDU,1.37,4.58,17.36,
CHAS,2,1,20130314901,RAJKIYAKRIT M S PUPUNAKI,pending,23.702946,86.203932,"https://www.google.com/maps?q=23.702946,86.203932&z=17&hl=en",Godown,2.29,,,
CHAS,2,2,20130314503,UPG RAJKIYAKRIT M S DHANDABRA,pending,23.700458,86.177713,"https://www.google.com/maps?q=23.700458,86.177713&z=17&hl=en",RAJKIYAKRIT M S PUPUNAKI,2.68,,,
CHAS,2,3,20130319501,RAJKIYAKRIT M S SECTOR-4,pending,23.670133,86.155062,"https://www.google.com/maps?q=23.670133,86.155062&z=17&hl=en",UPG RAJKIYAKRIT M S DHANDABRA,4.09,,,
CHAS,2,4,20130315602,UPG RAJKIYAKRIT M S BASTEJI,pending,23.685699,86.136899,"https://www.google.com/maps?q=23.685699,86.136899&z=17&hl=en",RAJKIYAKRIT M S SECTOR-4,2.53,,,
CHAS,2,5,20130316301,UPG RAJKIYAKRIT M S BHATUA,pending,23.693247,86.122305,"https://www.google.com/maps?q=23.693247,86.122305&z=17&hl=en",UPG RAJKIYAKRIT M S BASTEJI,1.71,,,
CHAS,2,6,20130322101,UPG RAJKIYAKRIT M S AGARDIH (URDU),pending,23.701565,86.127784,"https://www.google.com/maps?q=23.701565,86.127784&z=17&hl=en",UPG RAJKIYAKRIT M S BHATUA,1.08,,,
CHAS,2,7,20130317901,UPG RAJKIYAKRIT M S AZADNAGAR,pending,23.660664,86.110369,"https://www.google.com/maps?q=23.660664,86.110369&z=17&hl=en",UPG RAJKIYAKRIT M S AGARDIH (URDU),4.88,,,
CHAS,2,8,20130320401,RAJKIYAKRIT M S LAKRAKHANDA,pending,23.654247,86.114906,"https://www.google.com/maps?q=23.654247,86.114906&z=17&hl=en",UPG RAJKIYAKRIT M S AZADNAGAR,0.85,,,
CHAS,2,9,20130317501,PM SHRI RAJKIYAKRIT M S MARAFARI,pending,23.640628,86.119188,"https://www.google.com/maps?q=23.640628,86.119188&z=17&hl=en",RAJKIYAKRIT M S LAKRAKHANDA,1.58,10.46,32.15,
CHAS,3,1,20130314301,UPG RAJKIYAKRIT M S DHOBNI,pending,23.643285,86.225762,"https://www.google.com/maps?q=23.643285,86.225762&z=17&hl=en",Godown,4.70,,,
CHAS,3,2,20130309203,UPG RAJKIYAKRIT M S CHAMSOBAD (HARIJAN),pending,23.625188,86.234555,"https://www.google.com/maps?q=23.625188,86.234555&z=17&hl=en",UPG RAJKIYAKRIT M S DHOBNI,2.20,,,
CHAS,3,3,20130305303,UPG RAJKIYAKRIT M S DURGAPUR CHAS-2,pending,23.603064,86.220781,"https://www.google.com/maps?q=23.603064,86.220781&z=17&hl=en",UPG RAJKIYAKRIT M S CHAMSOBAD (HARIJAN),2.83,,,
CHAS,3,4,20130308101,UPG RAJKIYAKRIT M S BENDI,pending,23.597,86.233153,"https://www.google.com/maps?q=23.597,86.233153&z=17&hl=en",UPG RAJKIYAKRIT M S DURGAPUR CHAS-2,1.43,,,
CHAS,3,5,20130314801,UPG RAJKIYAKRIT M S DABAR BAHAL,pending,23.58932,86.238902,"https://www.google.com/maps?q=23.58932,86.238902&z=17&hl=en",UPG RAJKIYAKRIT M S BENDI,1.04,,,
CHAS,3,6,20130312701,RAJKIYAKRIT M S KHAMARBENDI,pending,23.591492,86.24781,"https://www.google.com/maps?q=23.591492,86.24781&z=17&hl=en",UPG RAJKIYAKRIT M S DABAR BAHAL,0.94,,,
CHAS,3,7,20130311201,UPG RAJKIYAKRIT M S DUDHIGAJAR,pending,23.584608,86.254466,"https://www.google.com/maps?q=23.584608,86.254466&z=17&hl=en",RAJKIYAKRIT M S KHAMARBENDI,1.02,,,
CHAS,3,8,20130311101,RAJKIYAKRIT M S HARIDIH,pending,23.580197,86.244355,"https://www.google.com/maps?q=23.580197,86.244355&z=17&hl=en",UPG RAJKIYAKRIT M S DUDHIGAJAR,1.14,,,
CHAS,3,9,20130313801,UPG RAJKIYAKRIT M S BARPOKHAR,pending,23.574067,86.226175,"https://www.google.com/maps?q=23.574067,86.226175&z=17&hl=en",RAJKIYAKRIT M S HARIDIH,1.97,12.25,29.53,
CHAS,4,1,20130314502,RAJKIYAKRIT M S DHANDABAR,pending,23.662237,86.25534,"https://www.google.com/maps?q=23.662237,86.25534&z=17&hl=en",Godown,5.11,,,
CHAS,4,2,20130309501,UPG RAJKIYAKRIT M S BELUT,pending,23.685408,86.260917,"https://www.google.com/maps?q=23.685408,86.260917&z=17&hl=en",RAJKIYAKRIT M S DHANDABAR,2.64,,,
CHAS,4,3,20130308701,UPG RAJKIYAKRIT M S BELUNJA,pending,23.686369,86.274941,"https://www.google.com/maps?q=23.686369,86.274941&z=17&hl=en",UPG RAJKIYAKRIT M S BELUT,1.43,,,
CHAS,4,4,20130308302,UPG RAJKIYAKRIT M S DUMARADA HINDI,pending,23.699962,86.274704,"https://www.google.com/maps?q=23.699962,86.274704&z=17&hl=en",UPG RAJKIYAKRIT M S BELUNJA,1.51,,,
CHAS,4,5,20130312201,RAJKIYAKRIT M S BIJULIYA,pending,23.670685,86.283009,"https://www.google.com/maps?q=23.670685,86.283009&z=17&hl=en",UPG RAJKIYAKRIT M S DUMARADA HINDI,3.36,,,
CHAS,4,6,20130308501,UPG RAJKIYAKRIT M S BUDHIBINOR,pending,23.664899,86.297807,"https://www.google.com/maps?q=23.664899,86.297807&z=17&hl=en",RAJKIYAKRIT M S BIJULIYA,1.64,,,
CHAS,4,7,20130310301,UPG RAJKIYAKRIT M S CHANDAHA (URDU),pending,23.661235,86.313557,"https://www.google.com/maps?q=23.661235,86.313557&z=17&hl=en",UPG RAJKIYAKRIT M S BUDHIBINOR,1.66,,,
CHAS,4,8,20130309001,UPG RAJKIYAKRIT M S BHANGABANDH,pending,23.644407,86.294759,"https://www.google.com/maps?q=23.644407,86.294759&z=17&hl=en",UPG RAJKIYAKRIT M S CHANDAHA (URDU),2.68,,,
CHAS,4,9,20130313601,UPG RAJKIYAKRIT MS BABUDIH (URDU),pending,23.576028,86.290738,"https://www.google.com/maps?q=23.576028,86.290738&z=17&hl=en",UPG RAJKIYAKRIT M S BHANGABANDH,7.61,14.45,42.09,
CHAS,5,1,20130307431,RAJKIYAKRIT M S SECTOR-2,pending,23.652875,86.136386,"https://www.google.com/maps?q=23.652875,86.136386&z=17&hl=en",Godown,8.29,,,
CHAS,5,2,20130317601,RAJKIYAKRIT M S B.M.P-4,pending,23.637007,86.132885,"https://www.google.com/maps?q=23.637007,86.132885&z=17&hl=en",RAJKIYAKRIT M S SECTOR-2,1.80,,,
CHAS,5,3,20130315402,UPG M S GOUSNAGAR,pending,23.640151,86.099303,"https://www.google.com/maps?q=23.640151,86.099303&z=17&hl=en",RAJKIYAKRIT M S B.M.P-4,3.44,,,
CHAS,5,4,20130317401,UPG RAJKIYAKRIT M S BANSIMLI,pending,23.628926,86.083893,"https://www.google.com/maps?q=23.628926,86.083893&z=17&hl=en",UPG M S GOUSNAGAR,2.01,,,
CHAS,5,5,20130320301,RAJKIYAKRIT M S RAILWAY,pending,23.661008,86.081024,"https://www.google.com/maps?q=23.661008,86.081024&z=17&hl=en",UPG RAJKIYAKRIT M S BANSIMLI,3.58,,,
CHAS,5,6,20130319601,RAJKIYAKRIT M S GORABALI,pending,23.666919,86.048603,"https://www.google.com/maps?q=23.666919,86.048603&z=17&hl=en",RAJKIYAKRIT M S RAILWAY,3.37,,,
CHAS,5,7,20130318601,UPG RAJKIYAKRIT M S BISUNPUR,pending,23.675304,86.048113,"https://www.google.com/maps?q=23.675304,86.048113&z=17&hl=en",RAJKIYAKRIT M S GORABALI,0.93,,,
CHAS,5,8,20130316701,UPG RAJKIYAKRIT M S BARUDIH,pending,23.596746,86.064254,"https://www.google.com/maps?q=23.596746,86.064254&z=17&hl=en",UPG RAJKIYAKRIT M S BISUNPUR,8.89,,,
CHAS,5,9,20130300101,RAJKIYAKRIT M S GHATIYALI,pending,23.585172,86.126153,"https://www.google.com/maps?q=23.585172,86.126153&z=17&hl=en",UPG RAJKIYAKRIT M S BARUDIH,6.44,13.90,52.64,
CHAS,6,1,20130328903,UPG RAJKIYAKRIT M S ASANSOL,pending,23.614911,86.165813,"https://www.google.com/maps?q=23.614911,86.165813&z=17&hl=en",Godown,8.87,,,
CHAS,6,2,20130304801,RAJKIYAKRIT M S KANDRA,pending,23.597279,86.189316,"https://www.google.com/maps?q=23.597279,86.189316&z=17&hl=en",UPG RAJKIYAKRIT M S ASANSOL,3.09,,,
CHAS,6,3,20130300501,UPG RAJKIYAKRIT M S CHAKULIYA,pending,23.574645,86.171239,"https://www.google.com/maps?q=23.574645,86.171239&z=17&hl=en",RAJKIYAKRIT M S KANDRA,3.12,,,
CHAS,6,4,20130305802,UPG RAJKIYAKRIT M S BHANGABAZAR CHAS-1,pending,23.577979,86.165522,"https://www.google.com/maps?q=23.577979,86.165522&z=17&hl=en",UPG RAJKIYAKRIT M S CHAKULIYA,0.69,,,
CHAS,6,5,20130300201,UPG RAJKIYAKRIT M S BHANDARDIH CHAS 1,pending,23.569626,86.137924,"https://www.google.com/maps?q=23.569626,86.137924&z=17&hl=en",UPG RAJKIYAKRIT M S BHANGABAZAR CHAS-1,2.96,,,
CHAS,6,6,20130306405,RAJKIYAKRIT M S KURMA,pending,23.543705,86.162691,"https://www.google.com/maps?q=23.543705,86.162691&z=17&hl=en",UPG RAJKIYAKRIT M S BHANDARDIH CHAS 1,3.83,,,
CHAS,6,7,20130302202,UPG RAJKIYAKRIT M S AMURAMU,pending,23.518611,86.152817,"https://www.google.com/maps?q=23.518611,86.152817&z=17&hl=en",RAJKIYAKRIT M S KURMA,2.97,,,
CHAS,6,8,20130303001,UPG RAJKIYAKRIT M S GOPALPUR CHAS-1,pending,23.501729,86.170714,"https://www.google.com/maps?q=23.501729,86.170714&z=17&hl=en",UPG RAJKIYAKRIT M S AMURAMU,2.62,,,
CHAS,6,9,20130313701,BASIC SCHOOL DABARTUPRA,pending,23.527704,86.218517,"https://www.google.com/maps?q=23.527704,86.218517&z=17&hl=en",UPG RAJKIYAKRIT M S GOPALPUR CHAS-1,5.67,17.32,51.14,
CHAS,7,1,20130310501,RAJKIYAKRIT M S KURA,pending,23.57356,86.210365,"https://www.google.com/maps?q=23.57356,86.210365&z=17&hl=en",Godown,12.20,,,
CHAS,7,2,20130315101,UPG RAJKIYAKRIT M S BHANDRO (BALIKA),pending,23.562048,86.215588,"https://www.google.com/maps?q=23.562048,86.215588&z=17&hl=en",RAJKIYAKRIT M S KURA,1.39,,,
CHAS,7,3,20130310702,UPG RAJKIYAKRIT M S CHAPATAND,pending,23.552783,86.229747,"https://www.google.com/maps?q=23.552783,86.229747&z=17&hl=en",UPG RAJKIYAKRIT M S BHANDRO (BALIKA),1.77,,,
CHAS,7,4,20130310701,RAJKIYAKRIT M S TURIDIH,pending,23.549647,86.232381,"https://www.google.com/maps?q=23.549647,86.232381&z=17&hl=en",UPG RAJKIYAKRIT M S CHAPATAND,0.44,,,
CHAS,7,5,20130310601,RAJKIYAKRIT M S SILFOR,pending,23.573122,86.266193,"https://www.google.com/maps?q=23.573122,86.266193&z=17&hl=en",RAJKIYAKRIT M S TURIDIH,4.32,,,
CHAS,7,6,20130314101,RAJKIYAKRIT M S PUNDRU,pending,23.540872,86.282611,"https://www.google.com/maps?q=23.540872,86.282611&z=17&hl=en",RAJKIYAKRIT M S SILFOR,3.96,17.45,41.53,
JARIDIH,1,1,20130700403,RAJKIYAKRIT P S TUPKADIH (URDU),pending,23.719893,86.055645,"https://www.google.com/maps?q=23.719893,86.055645&z=17&hl=en",Godown,16.30,,,
JARIDIH,1,2,20130701102,RAJKIYAKRIT P S BALIDIH,pending,23.669638,86.047545,"https://www.google.com/maps?q=23.669638,86.047545&z=17&hl=en",RAJKIYAKRIT P S TUPKADIH (URDU),5.65,,,
JARIDIH,1,3,20130701402,RAJKIYAKRIT P S GOPINATHPUR,pending,23.62717,86.025542,"https://www.google.com/maps?q=23.62717,86.025542&z=17&hl=en",RAJKIYAKRIT P S BALIDIH,5.23,,,
JARIDIH,1,4,20130701403,SSA NPS BHANDARGODA,pending,23.620774,86.025653,"https://www.google.com/maps?q=23.620774,86.025653&z=17&hl=en",RAJKIYAKRIT P S GOPINATHPUR,0.71,,,
JARIDIH,1,5,20130702301,RAJKIYAKRIT P S ARALDIH,pending,23.620645,86.009258,"https://www.google.com/maps?q=23.620645,86.009258&z=17&hl=en",SSA NPS BHANDARGODA,1.67,,,
JARIDIH,1,6,20130702107,RAJKIYAKRIT P S BIRSARAM,pending,23.604602,86.002917,"https://www.google.com/maps?q=23.604602,86.002917&z=17&hl=en",RAJKIYAKRIT P S ARALDIH,1.90,,,
JARIDIH,1,7,20130700302,RAJKIYAKRIT P S BALRAMPUR,pending,23.579717,86.033938,"https://www.google.com/maps?q=23.579717,86.033938&z=17&hl=en",RAJKIYAKRIT P S BIRSARAM,4.20,,,
JARIDIH,1,8,20130701301,RAJKIYAKRIT P S CHILGADA,pending,23.564635,86.007107,"https://www.google.com/maps?q=23.564635,86.007107&z=17&hl=en",RAJKIYAKRIT P S BALRAMPUR,3.21,,,
JARIDIH,1,9,20130703501,RAJKIYAKRIT P S SUNDRO,pending,23.543507,85.996273,"https://www.google.com/maps?q=23.543507,85.996273&z=17&hl=en",RAJKIYAKRIT P S CHILGADA,2.60,26.81,68.27,
JARIDIH,2,1,20130701804,RAJKIYAKRIT P S BALUDIH,pending,23.644938,85.967859,"https://www.google.com/maps?q=23.644938,85.967859&z=17&hl=en",Godown,25.10,,,
JARIDIH,2,2,20130701902,RAJKIYAKRIT P S BARU (URDU),pending,23.669389,85.949861,"https://www.google.com/maps?q=23.669389,85.949861&z=17&hl=en",RAJKIYAKRIT P S BALUDIH,3.28,,,
JARIDIH,2,3,20130701003,SSA NPS BHUTKATAND,pending,23.530875,86.012495,"https://www.google.com/maps?q=23.530875,86.012495&z=17&hl=en",RAJKIYAKRIT P S BARU (URDU),16.67,,,
JARIDIH,2,4,20130700601,RAJKIYAKRIT P S HARDIHARIDIH (D-2018),pending,23.519455,86.005299,"https://www.google.com/maps?q=23.519455,86.005299&z=17&hl=en",SSA NPS BHUTKATAND,1.47,,,
JARIDIH,2,5,20130703203,SSA NPS PURNAPANI,pending,23.493184,86.009402,"https://www.google.com/maps?q=23.493184,86.009402&z=17&hl=en",RAJKIYAKRIT P S HARDIHARIDIH (D-2018),2.95,,,
JARIDIH,2,6,20130703602,UPG P S ARATAND,pending,23.491959,86.028351,"https://www.google.com/maps?q=23.491959,86.028351&z=17&hl=en",SSA NPS PURNAPANI,1.94,,,
JARIDIH,2,7,20130703006,SSA NPS GADGAD KOCHA,pending,23.493023,85.977366,"https://www.google.com/maps?q=23.493023,85.977366&z=17&hl=en",UPG P S ARATAND,5.20,,,
JARIDIH,2,8,20130703901,RAJKIYAKRIT P S LIPU,pending,23.499521,85.948262,"https://www.google.com/maps?q=23.499521,85.948262&z=17&hl=en",SSA NPS GADGAD KOCHA,3.05,,,
JARIDIH,2,9,20130700101,RAJKIYAKRIT P S RORIYA,pending,23.4888,85.938127,"https://www.google.com/maps?q=23.4888,85.938127&z=17&hl=en",RAJKIYAKRIT P S LIPU,1.58,35.20,96.44,
KASMAR,1,1,20131203602,UPG P S NICHHANI,pending,23.623553,85.953101,"https://www.google.com/maps?q=23.623553,85.953101&z=17&hl=en",Godown,27.06,,,
KASMAR,1,2,20131203601,RAJKIYAKRIT P S MOCHRO,pending,23.627426,85.94849,"https://www.google.com/maps?q=23.627426,85.94849&z=17&hl=en",UPG P S NICHHANI,0.64,,,
KASMAR,1,3,20131201802,UPG P S KARMATAND,pending,23.620277,85.931177,"https://www.google.com/maps?q=23.620277,85.931177&z=17&hl=en",RAJKIYAKRIT P S MOCHRO,1.93,,,
KASMAR,1,4,20131205607,UPG P S KOCHAGORA,pending,23.631311,85.922596,"https://www.google.com/maps?q=23.631311,85.922596&z=17&hl=en",UPG P S KARMATAND,1.51,,,
KASMAR,1,5,20131205608,UPG P S PURABTAND,pending,23.619114,85.909402,"https://www.google.com/maps?q=23.619114,85.909402&z=17&hl=en",UPG P S KOCHAGORA,1.91,,,
KASMAR,1,6,20131202904,UPG P S KAMARTOLA (SURJUDIH),pending,23.61457,85.916522,"https://www.google.com/maps?q=23.61457,85.916522&z=17&hl=en",UPG P S PURABTAND,0.88,,,
KASMAR,1,7,20131202604,UPG P S MAHTOTOLA ORMO,pending,23.609187,85.898373,"https://www.google.com/maps?q=23.609187,85.898373&z=17&hl=en",UPG P S KAMARTOLA (SURJUDIH),1.94,,,
KASMAR,1,8,20131204203,UPG P S JEHRAKARMALITOLA,pending,23.601846,85.893119,"https://www.google.com/maps?q=23.601846,85.893119&z=17&hl=en",UPG P S MAHTOTOLA ORMO,0.98,,,
KASMAR,1,9,20131206901,UPG P S BRAHMANDIH,pending,23.60123,85.88596,"https://www.google.com/maps?q=23.60123,85.88596&z=17&hl=en",UPG P S JEHRAKARMALITOLA,0.73,34.31,71.90,
KASMAR,2,1,20131202402,UPG P S PIRWATAND,pending,23.661747,85.945232,"https://www.google.com/maps?q=23.661747,85.945232&z=17&hl=en",Godown,27.14,,,
KASMAR,2,2,20131202002,UPG P S BANGAJRA,pending,23.647149,85.914645,"https://www.google.com/maps?q=23.647149,85.914645&z=17&hl=en",UPG P S PIRWATAND,3.51,,,
KASMAR,2,3,20131208201,RAJKIYAKRIT P S PIPRADIH,pending,23.645077,85.908858,"https://www.google.com/maps?q=23.645077,85.908858&z=17&hl=en",UPG P S BANGAJRA,0.63,,,
KASMAR,2,4,20131205605,UPG P S AWRATAND,pending,23.643839,85.905146,"https://www.google.com/maps?q=23.643839,85.905146&z=17&hl=en",RAJKIYAKRIT P S PIPRADIH,0.40,,,
KASMAR,2,5,20131201506,UPG P S GHANSITOLA (DANTOO),pending,23.648479,85.905912,"https://www.google.com/maps?q=23.648479,85.905912&z=17&hl=en",UPG P S AWRATAND,0.52,,,
KASMAR,2,6,20131201511,UPG P S JORIYAPAR WEST PART DANTOO,pending,23.652022,85.905315,"https://www.google.com/maps?q=23.652022,85.905315&z=17&hl=en",UPG P S GHANSITOLA (DANTOO),0.40,,,
KASMAR,2,7,20131201503,UPG P S ROHANIYATAND (DANTOO),pending,23.650204,85.899543,"https://www.google.com/maps?q=23.650204,85.899543&z=17&hl=en",UPG P S JORIYAPAR WEST PART DANTOO,0.62,,,
KASMAR,2,8,20131205604,UPG P S HALUMA,pending,23.634292,85.902954,"https://www.google.com/maps?q=23.634292,85.902954&z=17&hl=en",UPG P S ROHANIYATAND (DANTOO),1.80,,,
KASMAR,2,9,20131203103,UPG P S MAHUWATOLA,pending,23.595877,85.883249,"https://www.google.com/maps?q=23.595877,85.883249&z=17&hl=en",UPG P S HALUMA,4.72,34.74,74.49,
KASMAR,3,1,20131203503,UPG P S BANKANARI,pending,23.606671,85.956188,"https://www.google.com/maps?q=23.606671,85.956188&z=17&hl=en",Godown,27.29,,,
KASMAR,3,2,20131203502,SSA NPS CHURINGADHA,pending,23.596679,85.956128,"https://www.google.com/maps?q=23.596679,85.956128&z=17&hl=en",UPG P S BANKANARI,1.11,,,
KASMAR,3,3,20131200802,UPG P S PURNAPANI,pending,23.586148,85.948027,"https://www.google.com/maps?q=23.586148,85.948027&z=17&hl=en",SSA NPS CHURINGADHA,1.43,,,
KASMAR,3,4,20131204902,UPG P S HARSALI,pending,23.592834,85.932476,"https://www.google.com/maps?q=23.592834,85.932476&z=17&hl=en",UPG P S PURNAPANI,1.75,,,
KASMAR,3,5,20131200701,RAJKIYAKRIT P S KASMAR 1,pending,23.599336,85.93772,"https://www.google.com/maps?q=23.599336,85.93772&z=17&hl=en",UPG P S HARSALI,0.90,,,
KASMAR,3,6,20131200803,UPG P S MUSLIMTOLA MANJURA,pending,23.585085,85.928717,"https://www.google.com/maps?q=23.585085,85.928717&z=17&hl=en",RAJKIYAKRIT P S KASMAR 1,1.83,,,
KASMAR,3,7,20131200302,UPG P S PAKRIBANDH,pending,23.565485,85.927055,"https://www.google.com/maps?q=23.565485,85.927055&z=17&hl=en",UPG P S MUSLIMTOLA MANJURA,2.19,,,
KASMAR,3,8,20131200804,UPG P S BARWADIH,pending,23.565438,85.921958,"https://www.google.com/maps?q=23.565438,85.921958&z=17&hl=en",UPG P S PAKRIBANDH,0.52,,,
KASMAR,3,9,20131202503,UPG P S KAMARHIR,pending,23.561495,85.910558,"https://www.google.com/maps?q=23.561495,85.910558&z=17&hl=en",UPG P S BARWADIH,1.24,33.44,71.70,
KASMAR,4,1,20131200904,UPG P S JOLHAKANARI,pending,23.551012,85.956788,"https://www.google.com/maps?q=23.551012,85.956788&z=17&hl=en",Godown,29.76,,,
KASMAR,4,2,20131200902,UPG P S JARA (NAWADIH),pending,23.549826,85.954496,"https://www.google.com/maps?q=23.549826,85.954496&z=17&hl=en",UPG P S JOLHAKANARI,0.27,,,
KASMAR,4,3,20131205503,UPG P S BHELWATAND,pending,23.553711,85.951905,"https://www.google.com/maps?q=23.553711,85.951905&z=17&hl=en",UPG P S JARA (NAWADIH),0.51,,,
KASMAR,4,4,20131206809,UPG P S HARIJANTOLA TANGTONA,pending,23.548276,85.948527,"https://www.google.com/maps?q=23.548276,85.948527&z=17&hl=en",UPG P S BHELWATAND,0.70,,,
KASMAR,4,5,20131205501,RAJKIYAKRIT P S BAGIYARI (URDU),pending,23.560741,85.939697,"https://www.google.com/maps?q=23.560741,85.939697&z=17&hl=en",UPG P S HARIJANTOLA TANGTONA,1.65,,,
KASMAR,4,6,20131205502,UPG P S HARIJANTOLA (BAGIYARI),pending,23.563791,85.941657,"https://www.google.com/maps?q=23.563791,85.941657&z=17&hl=en",RAJKIYAKRIT P S BAGIYARI (URDU),0.39,,,
KASMAR,4,7,20131201602,RAJKIYAKRIT P S AJAIYATOLA,pending,23.547711,85.928717,"https://www.google.com/maps?q=23.547711,85.928717&z=17&hl=en",UPG P S HARIJANTOLA (BAGIYARI),2.22,,,
KASMAR,4,8,20131201402,UPG P S DOMTOLA (KHAIRACHATAR),pending,23.542213,85.929667,"https://www.google.com/maps?q=23.542213,85.929667&z=17&hl=en",RAJKIYAKRIT P S AJAIYATOLA,0.62,,,
KASMAR,4,9,20131202101,RAJKIYAKRIT P S BASARIYA (D-2018),pending,23.534238,85.935414,"https://www.google.com/maps?q=23.534238,85.935414&z=17&hl=en",UPG P S DOMTOLA (KHAIRACHATAR),1.06,32.58,69.75,
KASMAR,5,1,20131206202,UPG P S MERAMHARA,pending,23.518033,85.954255,"https://www.google.com/maps?q=23.518033,85.954255&z=17&hl=en",Godown,31.94,,,
KASMAR,5,2,20131207304,UPG P S BHANDARDIH,pending,23.512098,85.936131,"https://www.google.com/maps?q=23.512098,85.936131&z=17&hl=en",UPG P S MERAMHARA,1.96,,,
KASMAR,5,3,20131207302,UPG P S KHIJRA,pending,23.507942,85.937507,"https://www.google.com/maps?q=23.507942,85.937507&z=17&hl=en",UPG P S BHANDARDIH,0.48,,,
KASMAR,5,4,20131205102,UPG P S MADAITOLA (TRIYONALA),pending,23.502143,85.938402,"https://www.google.com/maps?q=23.502143,85.938402&z=17&hl=en",UPG P S KHIJRA,0.65,,,
KASMAR,5,5,20131207305,UPG P S SANKARDIH,pending,23.501897,85.944733,"https://www.google.com/maps?q=23.501897,85.944733&z=17&hl=en",UPG P S MADAITOLA (TRIYONALA),0.65,,,
KASMAR,5,6,20131203801,RAJKIYAKRIT P S KOTOGADA (D-2018),pending,23.502456,85.924713,"https://www.google.com/maps?q=23.502456,85.924713&z=17&hl=en",UPG P S SANKARDIH,2.04,,,
KASMAR,5,7,20131203802,UPG P S GATIGARA,pending,23.503829,85.922431,"https://www.google.com/maps?q=23.503829,85.922431&z=17&hl=en",RAJKIYAKRIT P S KOTOGADA (D-2018),0.28,,,
KASMAR,5,8,20131202301,RAJKIYAKRIT P S PIRGUL (D-2018),pending,23.506991,85.911507,"https://www.google.com/maps?q=23.506991,85.911507&z=17&hl=en",UPG P S GATIGARA,1.17,,,
KASMAR,5,9,20131203901,RAJKIYAKRIT P S PADI (D-2018),pending,23.492621,85.920101,"https://www.google.com/maps?q=23.492621,85.920101&z=17&hl=en",RAJKIYAKRIT P S PIRGUL (D-2018),1.82,36.42,77.42,
KASMAR,6,1,20131201104,UPG P S BAJARTAND (MADHUKARPUR),pending,23.588163,85.905747,"https://www.google.com/maps?q=23.588163,85.905747&z=17&hl=en",Godown,32.81,,,
KASMAR,6,2,20131201103,UPG P S PARTAND,pending,23.589937,85.89737,"https://www.google.com/maps?q=23.589937,85.89737&z=17&hl=en",UPG P S BAJARTAND (MADHUKARPUR),0.88,,,
KASMAR,6,3,20131201302,UPG P S BENGAHARA,pending,23.586449,85.886375,"https://www.google.com/maps?q=23.586449,85.886375&z=17&hl=en",UPG P S PARTAND,1.19,,,
KASMAR,6,4,20131201102,UPG P S DHUMDHUMITAND,pending,23.580749,85.887973,"https://www.google.com/maps?q=23.580749,85.887973&z=17&hl=en",UPG P S BENGAHARA,0.65,,,
KASMAR,6,5,20131204101,RAJKIYAKRIT P S CHAINPUR (D-2018),pending,23.581155,85.876179,"https://www.google.com/maps?q=23.581155,85.876179&z=17&hl=en",UPG P S DHUMDHUMITAND,1.20,,,
KASMAR,6,6,20131203102,UPG P S KOYRIJARA,pending,23.590856,85.869145,"https://www.google.com/maps?q=23.590856,85.869145&z=17&hl=en",RAJKIYAKRIT P S CHAINPUR (D-2018),1.30,,,
KASMAR,6,7,20131200602,UPG P S KHUTAHARA MAHTOTOLA,pending,23.593159,85.860314,"https://www.google.com/maps?q=23.593159,85.860314&z=17&hl=en",UPG P S KOYRIJARA,0.94,,,
KASMAR,6,8,20131202605,UPG P S NAWAJARA,pending,23.60123,85.867819,"https://www.google.com/maps?q=23.60123,85.867819&z=17&hl=en",UPG P S KHUTAHARA MAHTOTOLA,1.18,,,
KASMAR,6,9,20131206301,RAJKIYAKRIT P S KARKATTA KHURD,pending,23.598136,85.876159,"https://www.google.com/maps?q=23.598136,85.876159&z=17&hl=en",UPG P S NAWAJARA,0.92,35.37,76.43,
KASMAR,7,1,20131200806,UPG P S PAGARTAND,pending,23.576354,85.908183,"https://www.google.com/maps?q=23.576354,85.908183&z=17&hl=en",Godown,33.03,,,
KASMAR,7,2,20131205902,UPG P S KUMARIBAGICHA KURKO,pending,23.576376,85.908096,"https://www.google.com/maps?q=23.576376,85.908096&z=17&hl=en",UPG P S PAGARTAND,0.01,,,
KASMAR,7,3,20131202506,UPG P S KARUJARA,pending,23.564235,85.899525,"https://www.google.com/maps?q=23.564235,85.899525&z=17&hl=en",UPG P S KUMARIBAGICHA KURKO,1.61,,,
KASMAR,7,4,20131203205,UPG P S BALABAHIYAR,pending,23.559232,85.90868,"https://www.google.com/maps?q=23.559232,85.90868&z=17&hl=en",UPG P S KARUJARA,1.09,,,
KASMAR,7,5,20131204801,RAJKIYAKRIT P S BHAWANIPUR (D-2018),pending,23.547805,85.900318,"https://www.google.com/maps?q=23.547805,85.900318&z=17&hl=en",UPG P S BALABAHIYAR,1.53,,,
KASMAR,7,6,20131203204,UPG P S HETHBAD,pending,23.549209,85.897339,"https://www.google.com/maps?q=23.549209,85.897339&z=17&hl=en",RAJKIYAKRIT P S BHAWANIPUR (D-2018),0.34,,,
KASMAR,7,7,20131206103,UPG P S DAMRUGORA,pending,23.544766,85.902826,"https://www.google.com/maps?q=23.544766,85.902826&z=17&hl=en",UPG P S HETHBAD,0.75,,,
KASMAR,7,8,20131207801,UPG P S BADDIH,pending,23.531238,85.899233,"https://www.google.com/maps?q=23.531238,85.899233&z=17&hl=en",UPG P S DAMRUGORA,1.55,,,
KASMAR,7,9,20131201704,UPG P S KATHALTOLA,pending,23.520124,85.88371,"https://www.google.com/maps?q=23.520124,85.88371&z=17&hl=en",UPG P S BADDIH,2.01,37.94,79.84,
KASMAR,8,1,20131205401,RAJKIYAKRIT P S SINGH PUR,pending,23.532259,85.92787,"https://www.google.com/maps?q=23.532259,85.92787&z=17&hl=en",Godown,33.35,,,
KASMAR,8,2,20131201005,UPG P S MUSLIMTOLA,pending,23.525142,85.920149,"https://www.google.com/maps?q=23.525142,85.920149&z=17&hl=en",RAJKIYAKRIT P S SINGH PUR,1.12,,,
KASMAR,8,3,20131206001,RAJKIYAKRIT P S KHUDIBERA,pending,23.521314,85.920857,"https://www.google.com/maps?q=23.521314,85.920857&z=17&hl=en",UPG P S MUSLIMTOLA,0.43,,,
KASMAR,8,4,20131207301,UPG P S MANIPUR,pending,23.518853,85.930271,"https://www.google.com/maps?q=23.518853,85.930271&z=17&hl=en",RAJKIYAKRIT P S KHUDIBERA,1.00,,,
KASMAR,8,5,20131200104,UPG P S JUMRA,pending,23.489718,85.910947,"https://www.google.com/maps?q=23.489718,85.910947&z=17&hl=en",UPG P S MANIPUR,3.79,,,
KASMAR,8,6,20131205301,RAJKIYAKRIT P S BHURSATAND,pending,23.495557,85.896016,"https://www.google.com/maps?q=23.495557,85.896016&z=17&hl=en",UPG P S JUMRA,1.66,,,
KASMAR,8,7,20131204701,RAJKIYAKRIT P S CHOURA - 1 (D-2018),pending,23.49987,85.888721,"https://www.google.com/maps?q=23.49987,85.888721&z=17&hl=en",RAJKIYAKRIT P S BHURSATAND,0.89,,,
KASMAR,8,8,20131204702,UPG P S DUMARDIH,pending,23.518027,85.881805,"https://www.google.com/maps?q=23.518027,85.881805&z=17&hl=en",RAJKIYAKRIT P S CHOURA - 1 (D-2018),2.14,,,
KASMAR,8,9,20131201703,UPG P S MASRIDIH,pending,23.522262,85.87936,"https://www.google.com/maps?q=23.522262,85.87936&z=17&hl=en",UPG P S DUMARDIH,0.53,38.21,83.12,
KASMAR,9,1,20131207601,UPG P S MEDHA,pending,23.552525,85.887867,"https://www.google.com/maps?q=23.552525,85.887867&z=17&hl=en",Godown,35.96,,,
KASMAR,9,2,20131206101,RAJKIYAKRIT P S LODHKIYARI,pending,23.549322,85.886807,"https://www.google.com/maps?q=23.549322,85.886807&z=17&hl=en",UPG P S MEDHA,0.37,36.20,72.54,
NAWADIH,1,1,20130605204,UPG P S BARKIBERA,pending,23.780814,86.057256,"https://www.google.com/maps?q=23.780814,86.057256&z=17&hl=en",Godown,19.01,,,
NAWADIH,1,2,20130605206,SSA NPS MAHTOTOLA,pending,23.783096,86.057201,"https://www.google.com/maps?q=23.783096,86.057201&z=17&hl=en",UPG P S BARKIBERA,0.25,,,
NAWADIH,1,3,20130605201,UPG RAJKIYAKRIT +2 HIGH SCHOOL GUNJARDIH,pending,23.790116,86.060045,"https://www.google.com/maps?q=23.790116,86.060045&z=17&hl=en",SSA NPS MAHTOTOLA,0.83,,,
NAWADIH,1,4,20130605202,UPG P S BRAHILTAND,pending,23.791381,86.051559,"https://www.google.com/maps?q=23.791381,86.051559&z=17&hl=en",UPG RAJKIYAKRIT +2 HIGH SCHOOL GUNJARDIH,0.87,,,
NAWADIH,1,5,20130609907,UPG P S CHOTAHI,pending,23.812077,86.050779,"https://www.google.com/maps?q=23.812077,86.050779&z=17&hl=en",UPG P S BRAHILTAND,2.30,,,
NAWADIH,1,6,20130609908,UPG P S DAHI,pending,23.815019,86.0546,"https://www.google.com/maps?q=23.815019,86.0546&z=17&hl=en",UPG P S CHOTAHI,0.51,,,
NAWADIH,1,7,20130609906,UPG P S BARMASIA,pending,23.820474,86.055411,"https://www.google.com/maps?q=23.820474,86.055411&z=17&hl=en",UPG P S DAHI,0.61,,,
NAWADIH,1,8,20130604001,UPG RAJKIYAKRIT M S MANJHLITAND,pending,23.825726,86.051489,"https://www.google.com/maps?q=23.825726,86.051489&z=17&hl=en",UPG P S BARMASIA,0.71,,,
NAWADIH,1,9,20130603801,UPG RAJKIYAKRIT M S LEMBODIH,pending,23.836574,86.051074,"https://www.google.com/maps?q=23.836574,86.051074&z=17&hl=en",UPG RAJKIYAKRIT M S MANJHLITAND,1.21,23.55,49.86,
NAWADIH,2,1,20130603601,UPG RAJKIYAKRIT M S DHAMNI,pending,23.838797,86.12227,"https://www.google.com/maps?q=23.838797,86.12227&z=17&hl=en",Godown,19.49,,,
NAWADIH,2,2,20130603602,UPG P S BELIATAND (ADIWASITOLA),pending,23.84021,86.116139,"https://www.google.com/maps?q=23.84021,86.116139&z=17&hl=en",UPG RAJKIYAKRIT M S DHAMNI,0.64,,,
NAWADIH,2,3,20130601401,UPG RAJKIYAKRIT M S PARASBANI,pending,23.841258,86.107505,"https://www.google.com/maps?q=23.841258,86.107505&z=17&hl=en",UPG P S BELIATAND (ADIWASITOLA),0.89,,,
NAWADIH,2,4,20130601404,SSA NPS PAINBAD,pending,23.836316,86.103485,"https://www.google.com/maps?q=23.836316,86.103485&z=17&hl=en",UPG RAJKIYAKRIT M S PARASBANI,0.68,,,
NAWADIH,2,5,20130604601,RAJKIYAKRIT M S DAHIYARI,pending,23.858873,86.116244,"https://www.google.com/maps?q=23.858873,86.116244&z=17&hl=en",SSA NPS PAINBAD,2.82,,,
NAWADIH,2,6,20130604602,RAJKIYAKRIT P S DAHIYARI MAKTAB,pending,23.854644,86.124481,"https://www.google.com/maps?q=23.854644,86.124481&z=17&hl=en",RAJKIYAKRIT M S DAHIYARI,0.96,,,
NAWADIH,2,7,20130600801,UPG RAJKIYAKRIT M S BARADIH,pending,23.86398,86.103804,"https://www.google.com/maps?q=23.86398,86.103804&z=17&hl=en",RAJKIYAKRIT P S DAHIYARI MAKTAB,2.34,,,
NAWADIH,2,8,20130600802,UPG P S BEHRADIH,pending,23.871696,86.098495,"https://www.google.com/maps?q=23.871696,86.098495&z=17&hl=en",UPG RAJKIYAKRIT M S BARADIH,1.01,,,
NAWADIH,2,9,20130600102,RAJKIYAKRIT M S BHENDRA,pending,23.875091,86.099157,"https://www.google.com/maps?q=23.875091,86.099157&z=17&hl=en",UPG P S BEHRADIH,0.38,24.16,53.40,
NAWADIH,3,1,20130608201,RAJKIYAKRIT P S MANPUR,pending,23.813513,86.080095,"https://www.google.com/maps?q=23.813513,86.080095&z=17&hl=en",Godown,19.66,,,
NAWADIH,3,2,20130609901,SSA NPS SIRSA BERA,pending,23.813362,86.076615,"https://www.google.com/maps?q=23.813362,86.076615&z=17&hl=en",RAJKIYAKRIT P S MANPUR,0.35,,,
NAWADIH,3,3,20130609904,PM SHRI UPG RAJKIYAKRIT HIGH SCHOOL BIRNI,pending,23.811694,86.06375,"https://www.google.com/maps?q=23.811694,86.06375&z=17&hl=en",SSA NPS SIRSA BERA,1.32,,,
NAWADIH,3,4,20130605001,UPG RAJKIYAKRIT M S GOBARGARA,pending,23.835454,86.0604,"https://www.google.com/maps?q=23.835454,86.0604&z=17&hl=en",PM SHRI UPG RAJKIYAKRIT HIGH SCHOOL BIRNI,2.66,,,
NAWADIH,3,5,20130604301,RAJKIYAKRIT P S KIMOJORIYA,pending,23.839574,86.065884,"https://www.google.com/maps?q=23.839574,86.065884&z=17&hl=en",UPG RAJKIYAKRIT M S GOBARGARA,0.72,,,
NAWADIH,3,6,20130602301,RAJKIYAKRIT M S CHIRUDIH,pending,23.846002,86.048922,"https://www.google.com/maps?q=23.846002,86.048922&z=17&hl=en",RAJKIYAKRIT P S KIMOJORIYA,1.87,,,
NAWADIH,3,7,20130602304,UPG M S MANGARDAHA,pending,23.85293,86.053056,"https://www.google.com/maps?q=23.85293,86.053056&z=17&hl=en",RAJKIYAKRIT M S CHIRUDIH,0.88,,,
NAWADIH,3,8,20130602305,SSA NPS BANDHTAND,pending,23.857852,86.058487,"https://www.google.com/maps?q=23.857852,86.058487&z=17&hl=en",UPG M S MANGARDAHA,0.78,,,
NAWADIH,3,9,20130604202,UPG P S BHALGARTAND,pending,23.869048,86.046101,"https://www.google.com/maps?q=23.869048,86.046101&z=17&hl=en",SSA NPS BANDHTAND,1.77,26.59,56.61,
NAWADIH,4,1,20130603302,UPG P S DOKWATAND,pending,23.797562,86.019034,"https://www.google.com/maps?q=23.797562,86.019034&z=17&hl=en",Godown,23.28,,,
NAWADIH,4,2,20130603301,UPG RAJKIYAKRIT M S CHAPRI,pending,23.801883,86.01545,"https://www.google.com/maps?q=23.801883,86.01545&z=17&hl=en",UPG P S DOKWATAND,0.60,,,
NAWADIH,4,3,20130603304,UPG P S BELA,pending,23.809992,86.019111,"https://www.google.com/maps?q=23.809992,86.019111&z=17&hl=en",UPG RAJKIYAKRIT M S CHAPRI,0.98,,,
NAWADIH,4,4,20130601602,RAJKIYAKRIT P S DHADHAKIBERA,pending,23.812659,86.004373,"https://www.google.com/maps?q=23.812659,86.004373&z=17&hl=en",UPG P S BELA,1.53,,,
NAWADIH,4,5,20130606801,RAJKIYAKRIT P S ASNATAND,pending,23.824476,86.013441,"https://www.google.com/maps?q=23.824476,86.013441&z=17&hl=en",RAJKIYAKRIT P S DHADHAKIBERA,1.61,,,
NAWADIH,4,6,20130602704,UPG P S BAGJOBRA,pending,23.830966,86.025239,"https://www.google.com/maps?q=23.830966,86.025239&z=17&hl=en",RAJKIYAKRIT P S ASNATAND,1.40,,,
NAWADIH,4,7,20130604403,SSA NPS PARSATAND,pending,23.830807,86.033439,"https://www.google.com/maps?q=23.830807,86.033439&z=17&hl=en",UPG P S BAGJOBRA,0.83,,,
NAWADIH,4,8,20130602701,UPG RAJKIYAKRIT M S BHALMARA,pending,23.826477,86.035518,"https://www.google.com/maps?q=23.826477,86.035518&z=17&hl=en",SSA NPS PARSATAND,0.53,,,
NAWADIH,4,9,20130604003,RAJKIYAKRIT P S BARWADIH-2,pending,23.824164,86.036264,"https://www.google.com/maps?q=23.824164,86.036264&z=17&hl=en",UPG RAJKIYAKRIT M S BHALMARA,0.27,23.68,54.70,
NAWADIH,5,1,20130600901,UPG RAJKIYAKRIT M S BODRO,pending,23.864392,86.093791,"https://www.google.com/maps?q=23.864392,86.093791&z=17&hl=en",Godown,23.39,,,
NAWADIH,5,2,20130600101,RAJKIYAKRIT P S BHENDRA (KANYA),pending,23.877443,86.099035,"https://www.google.com/maps?q=23.877443,86.099035&z=17&hl=en",UPG RAJKIYAKRIT M S BODRO,1.55,,,
NAWADIH,5,3,20130600203,UPG P S BANDHTAND,pending,23.887047,86.082944,"https://www.google.com/maps?q=23.887047,86.082944&z=17&hl=en",RAJKIYAKRIT P S BHENDRA (KANYA),1.95,,,
NAWADIH,5,4,20130600201,RAJKIYAKRIT M S SAHARIYA,pending,23.883575,86.075329,"https://www.google.com/maps?q=23.883575,86.075329&z=17&hl=en",UPG P S BANDHTAND,0.87,,,
NAWADIH,5,5,20130604804,UPG P S BAKHRITOLA,pending,23.888556,86.06445,"https://www.google.com/maps?q=23.888556,86.06445&z=17&hl=en",RAJKIYAKRIT M S SAHARIYA,1.24,,,
NAWADIH,5,6,20130604801,UPG RAJKIYAKRIT M S MAKTAB SURHI,pending,23.891543,86.047564,"https://www.google.com/maps?q=23.891543,86.047564&z=17&hl=en",UPG P S BAKHRITOLA,1.75,,,
NAWADIH,5,7,20130601201,UPG RAJKIYAKRIT M S AHARDIH,pending,23.902454,86.056044,"https://www.google.com/maps?q=23.902454,86.056044&z=17&hl=en",UPG RAJKIYAKRIT M S MAKTAB SURHI,1.49,,,
NAWADIH,5,8,20130601204,SSA NPS SINDWAR TOLA,pending,23.907009,86.066023,"https://www.google.com/maps?q=23.907009,86.066023&z=17&hl=en",UPG RAJKIYAKRIT M S AHARDIH,1.13,,,
NAWADIH,5,9,20130604802,UPG RAJKIYAKRIT HIGH SCHOOL SURHI,pending,23.886161,86.033472,"https://www.google.com/maps?q=23.886161,86.033472&z=17&hl=en",SSA NPS SINDWAR TOLA,4.04,28.88,66.28,
NAWADIH,6,1,20130606501,RAJKIYAKRIT P S KATGHARA,pending,23.83688,86.043864,"https://www.google.com/maps?q=23.83688,86.043864&z=17&hl=en",Godown,24.08,,,
NAWADIH,6,2,20130605310,SSA NPS GORIARITAND,pending,23.843967,86.037055,"https://www.google.com/maps?q=23.843967,86.037055&z=17&hl=en",RAJKIYAKRIT P S KATGHARA,1.05,,,
NAWADIH,6,3,20130605311,SSA NPS SIMATAND,pending,23.848494,86.035461,"https://www.google.com/maps?q=23.848494,86.035461&z=17&hl=en",SSA NPS GORIARITAND,0.53,,,
NAWADIH,6,4,20130605301,RAJKIYAKRIT P S NAWADIH (KANYA),pending,23.851462,86.041692,"https://www.google.com/maps?q=23.851462,86.041692&z=17&hl=en",SSA NPS SIMATAND,0.71,,,
NAWADIH,6,5,20130605303,RAJKIYAKRIT M S NAWADIH,pending,23.854054,86.040842,"https://www.google.com/maps?q=23.854054,86.040842&z=17&hl=en",RAJKIYAKRIT P S NAWADIH (KANYA),0.30,,,
NAWADIH,6,6,20130605305,UPG P S BASTAJIA,pending,23.853871,86.040265,"https://www.google.com/maps?q=23.853871,86.040265&z=17&hl=en",RAJKIYAKRIT M S NAWADIH,0.06,,,
NAWADIH,6,7,20130605307,KGBV NAWADIH,pending,23.857551,86.038645,"https://www.google.com/maps?q=23.857551,86.038645&z=17&hl=en",UPG P S BASTAJIA,0.44,,,
NAWADIH,6,8,20130605302,RAJKIYAKRIT P S BARWADIH-1,pending,23.859171,86.037957,"https://www.google.com/maps?q=23.859171,86.037957&z=17&hl=en",KGBV NAWADIH,0.19,,,
NAWADIH,6,9,20130600701,RAJKIYAKRIT P S TARATAND,pending,23.851623,86.028004,"https://www.google.com/maps?q=23.851623,86.028004&z=17&hl=en",RAJKIYAKRIT P S BARWADIH-1,1.31,26.38,55.07,
NAWADIH,7,1,20130602702,UPG P S BIDWA,pending,23.840527,86.021367,"https://www.google.com/maps?q=23.840527,86.021367&z=17&hl=en",Godown,26.02,,,
NAWADIH,7,2,20130608501,UPG P S AMJHAR,pending,23.843114,86.018604,"https://www.google.com/maps?q=23.843114,86.018604&z=17&hl=en",UPG P S BIDWA,0.40,,,
NAWADIH,7,3,20130600703,SSA NPS HURSODIH,pending,23.851539,86.022269,"https://www.google.com/maps?q=23.851539,86.022269&z=17&hl=en",UPG P S AMJHAR,1.01,,,
NAWADIH,7,4,20130603002,UPG P S BIRHORTOLA,pending,23.860957,86.01086,"https://www.google.com/maps?q=23.860957,86.01086&z=17&hl=en",SSA NPS HURSODIH,1.56,,,
NAWADIH,7,5,20130607702,UPG P S BADAHI (ARGAMO),pending,23.871393,86.008421,"https://www.google.com/maps?q=23.871393,86.008421&z=17&hl=en",UPG P S BIRHORTOLA,1.19,,,
NAWADIH,7,6,20130600401,RAJKIYAKRIT M S ARGAMO,pending,23.875779,86.01502,"https://www.google.com/maps?q=23.875779,86.01502&z=17&hl=en",UPG P S BADAHI (ARGAMO),0.83,,,
NAWADIH,7,7,20130602101,UPG RAJKIYAKRIT M S KHARPITO,pending,23.875134,86.019321,"https://www.google.com/maps?q=23.875134,86.019321&z=17&hl=en",RAJKIYAKRIT M S ARGAMO,0.44,,,
NAWADIH,7,8,20130602102,UPG P S BOKHARWATAND,pending,23.870795,86.022321,"https://www.google.com/maps?q=23.870795,86.022321&z=17&hl=en",UPG RAJKIYAKRIT M S KHARPITO,0.57,,,
NAWADIH,7,9,20130602105,SSA NPS PURVI TOLA KHARPITO,pending,23.875291,86.031447,"https://www.google.com/maps?q=23.875291,86.031447&z=17&hl=en",UPG P S BOKHARWATAND,1.05,28.08,61.16,
NAWADIH,8,1,20130604201,UPG RAJKIYAKRIT M S JUNODIH,pending,23.87095,86.041389,"https://www.google.com/maps?q=23.87095,86.041389&z=17&hl=en",Godown,27.06,,,
NAWADIH,8,2,20130605101,RAJKIYAKRIT P S KOKLODIH,pending,23.878162,86.040115,"https://www.google.com/maps?q=23.878162,86.040115&z=17&hl=en",UPG RAJKIYAKRIT M S JUNODIH,0.81,,,
NAWADIH,8,3,20130608801,UPG P S BARWADIH,pending,23.883225,86.030666,"https://www.google.com/maps?q=23.883225,86.030666&z=17&hl=en",RAJKIYAKRIT P S KOKLODIH,1.11,,,
NAWADIH,8,4,20130604901,RAJKIYAKRIT P S KHUNTA,pending,23.889741,86.014877,"https://www.google.com/maps?q=23.889741,86.014877&z=17&hl=en",UPG P S BARWADIH,1.76,,,
NAWADIH,8,5,20130603401,UPG RAJKIYAKRIT M S POTSO,pending,23.898582,86.024295,"https://www.google.com/maps?q=23.898582,86.024295&z=17&hl=en",RAJKIYAKRIT P S KHUNTA,1.37,,,
NAWADIH,8,6,20130603404,SSA NPS BANDHTAND,pending,23.902524,86.015099,"https://www.google.com/maps?q=23.902524,86.015099&z=17&hl=en",UPG RAJKIYAKRIT M S POTSO,1.03,,,
NAWADIH,8,7,20130601001,UPG RAJKIYAKRIT M S BHAWANI,pending,23.902083,86.005746,"https://www.google.com/maps?q=23.902083,86.005746&z=17&hl=en",SSA NPS BANDHTAND,0.95,,,
NAWADIH,8,8,20130606007,SSA NPS ASNATAND,pending,23.869168,85.973895,"https://www.google.com/maps?q=23.869168,85.973895&z=17&hl=en",UPG RAJKIYAKRIT M S BHAWANI,4.89,,,
NAWADIH,8,9,20130606001,UPG RAJKIYAKRIT M S BARAI,pending,23.861523,85.976009,"https://www.google.com/maps?q=23.861523,85.976009&z=17&hl=en",SSA NPS ASNATAND,0.88,31.03,70.90,
NAWADIH,9,1,20130606102,SSA NPS GHATWARTOLA,pending,23.810738,85.971369,"https://www.google.com/maps?q=23.810738,85.971369&z=17&hl=en",Godown,28.18,,,
NAWADIH,9,2,20130606101,RAJKIYAKRIT P S BADKI KUDI,pending,23.810518,85.965833,"https://www.google.com/maps?q=23.810518,85.965833&z=17&hl=en",SSA NPS GHATWARTOLA,0.56,,,
NAWADIH,9,3,20130606201,UPG RAJKIYAKRIT +2 HIGH SCHOOL PALAMU,pending,23.833507,85.959853,"https://www.google.com/maps?q=23.833507,85.959853&z=17&hl=en",RAJKIYAKRIT P S BADKI KUDI,2.63,,,
NAWADIH,9,4,20130606208,SSA NPS TURITOLA (PALAMU),pending,23.836606,85.955894,"https://www.google.com/maps?q=23.836606,85.955894&z=17&hl=en",UPG RAJKIYAKRIT +2 HIGH SCHOOL PALAMU,0.53,,,
NAWADIH,9,5,20130606207,SSA NPS RAKSA TUNGRI,pending,23.837907,85.96278,"https://www.google.com/maps?q=23.837907,85.96278&z=17&hl=en",SSA NPS TURITOLA (PALAMU),0.72,,,
NAWADIH,9,6,20130606210,UPG M S PARSABERA,pending,23.844096,85.957756,"https://www.google.com/maps?q=23.844096,85.957756&z=17&hl=en",SSA NPS RAKSA TUNGRI,0.86,,,
NAWADIH,9,7,20130609401,UPG M S BELARGARA,pending,23.848967,85.964014,"https://www.google.com/maps?q=23.848967,85.964014&z=17&hl=en",UPG M S PARSABERA,0.84,,,
NAWADIH,9,8,20130606006,SSA NPS MAHBICHHWA,pending,23.85315,85.971289,"https://www.google.com/maps?q=23.85315,85.971289&z=17&hl=en",UPG M S BELARGARA,0.87,,,
NAWADIH,9,9,20130606004,UPG P S BANKATWA,pending,23.854931,85.977166,"https://www.google.com/maps?q=23.854931,85.977166&z=17&hl=en",SSA NPS MAHBICHHWA,0.63,30.48,66.29,
NAWADIH,10,1,20130605901,RAJKIYAKRIT GOVT. SECONDARY SCHOOL BARIDIH,pending,23.847257,85.992949,"https://www.google.com/maps?q=23.847257,85.992949&z=17&hl=en",Godown,28.70,,,
NAWADIH,10,2,20130606008,UPG P S BHANDARKUDAR,pending,23.850047,85.985744,"https://www.google.com/maps?q=23.850047,85.985744&z=17&hl=en",RAJKIYAKRIT GOVT. SECONDARY SCHOOL BARIDIH,0.80,,,
NAWADIH,10,3,20130602201,UPG RAJKIYAKRIT M S BANSHI,pending,23.874918,85.96753,"https://www.google.com/maps?q=23.874918,85.96753&z=17&hl=en",UPG P S BHANDARKUDAR,3.33,,,
NAWADIH,10,4,20130605802,SSA NPS GHATWARTOLA,pending,23.876761,85.945083,"https://www.google.com/maps?q=23.876761,85.945083&z=17&hl=en",UPG RAJKIYAKRIT M S BANSHI,2.29,,,
NAWADIH,10,5,20130605801,UPG RAJKIYAKRIT M S LAHIA,pending,23.865958,85.94141,"https://www.google.com/maps?q=23.865958,85.94141&z=17&hl=en",SSA NPS GHATWARTOLA,1.26,,,
NAWADIH,10,6,20130601701,UPG RAJKIYAKRIT M S HARLADIH,pending,23.856409,85.940636,"https://www.google.com/maps?q=23.856409,85.940636&z=17&hl=en",UPG RAJKIYAKRIT M S LAHIA,1.06,,,
NAWADIH,10,7,20130604701,RAJKIYAKRIT M S NARAYAN PUR,pending,23.860618,85.929086,"https://www.google.com/maps?q=23.860618,85.929086&z=17&hl=en",UPG RAJKIYAKRIT M S HARLADIH,1.26,,,
NAWADIH,10,8,20130604704,SSA NPS BORATAND,pending,23.868261,85.923143,"https://www.google.com/maps?q=23.868261,85.923143&z=17&hl=en",RAJKIYAKRIT M S NARAYAN PUR,1.04,,,
NAWADIH,10,9,20130602802,UPG P S ANDHUA,pending,23.855674,85.920321,"https://www.google.com/maps?q=23.855674,85.920321&z=17&hl=en",SSA NPS BORATAND,1.43,35.22,76.39,
NAWADIH,11,1,20130606206,SSA NPS DARJI MUHALLA,pending,23.840521,85.946512,"https://www.google.com/maps?q=23.840521,85.946512&z=17&hl=en",Godown,32.07,,,
NAWADIH,11,2,20130606203,UPG P S BADKADIH,pending,23.841808,85.942102,"https://www.google.com/maps?q=23.841808,85.942102&z=17&hl=en",SSA NPS DARJI MUHALLA,0.47,,,
NAWADIH,11,3,20130600301,RAJKIYAKRIT M S DEGAGARA,pending,23.835852,85.929154,"https://www.google.com/maps?q=23.835852,85.929154&z=17&hl=en",UPG P S BADKADIH,1.47,,,
NAWADIH,11,4,20130600302,SSA NPS MANJHITOLA,pending,23.829468,85.932523,"https://www.google.com/maps?q=23.829468,85.932523&z=17&hl=en",RAJKIYAKRIT M S DEGAGARA,0.79,,,
NAWADIH,11,5,20130601901,UPG RAJKIYAKRIT M S CHOTKIKURI,pending,23.821897,85.93091,"https://www.google.com/maps?q=23.821897,85.93091&z=17&hl=en",SSA NPS MANJHITOLA,0.86,,,
NAWADIH,11,6,20130601902,SSA NPS ADIWASITOLA,pending,23.814053,85.924837,"https://www.google.com/maps?q=23.814053,85.924837&z=17&hl=en",UPG RAJKIYAKRIT M S CHOTKIKURI,1.07,,,
NAWADIH,11,7,20130602601,UPG RAJKIYAKRIT M S PILPILO,pending,23.817391,85.907165,"https://www.google.com/maps?q=23.817391,85.907165&z=17&hl=en",SSA NPS ADIWASITOLA,1.84,,,
NAWADIH,11,8,20130605601,RAJKIYAKRIT GOVT. SECONDARY SCHOOL KANJKIRO,pending,23.828736,85.884669,"https://www.google.com/maps?q=23.828736,85.884669&z=17&hl=en",UPG RAJKIYAKRIT M S PILPILO,2.61,,,
NAWADIH,11,9,20130601801,UPG RAJKIYAKRIT M S KACHHO,pending,23.834567,85.871243,"https://www.google.com/maps?q=23.834567,85.871243&z=17&hl=en",RAJKIYAKRIT GOVT. SECONDARY SCHOOL KANJKIRO,1.51,38.42,81.12,
NAWADIH,12,1,20130602801,RAJKIYAKRIT GOVT. SECONDARY SCHOOL PIPRADIH,pending,23.848635,85.91901,"https://www.google.com/maps?q=23.848635,85.91901&z=17&hl=en",Godown,34.92,,,
NAWADIH,12,2,20130607202,SSA NPS SISHWA,pending,23.869713,85.908156,"https://www.google.com/maps?q=23.869713,85.908156&z=17&hl=en",RAJKIYAKRIT GOVT. SECONDARY SCHOOL PIPRADIH,2.59,,,
NAWADIH,12,3,20130606409,SSA NPS BUDHIBAGI,pending,23.88387,85.897466,"https://www.google.com/maps?q=23.88387,85.897466&z=17&hl=en",SSA NPS SISHWA,1.91,,,
NAWADIH,12,4,20130606410,SSA NPS MIYANTOLA,pending,23.890739,85.889297,"https://www.google.com/maps?q=23.890739,85.889297&z=17&hl=en",SSA NPS BUDHIBAGI,1.13,,,
NAWADIH,12,5,20130606401,UPG RAJKIYAKRIT +2 HIGH SCHOOL PENK,pending,23.902262,85.891775,"https://www.google.com/maps?q=23.902262,85.891775&z=17&hl=en",SSA NPS MIYANTOLA,1.31,,,
NAWADIH,12,6,20130606404,UPG M S KADRUKHUTA,pending,23.922216,85.881448,"https://www.google.com/maps?q=23.922216,85.881448&z=17&hl=en",UPG RAJKIYAKRIT +2 HIGH SCHOOL PENK,2.45,,,
NAWADIH,12,7,20130601306,SSA NPS DAHIYA,pending,23.933179,85.882761,"https://www.google.com/maps?q=23.933179,85.882761&z=17&hl=en",UPG M S KADRUKHUTA,1.23,,,
NAWADIH,12,8,20130607602,SSA NPS TETARIA TAND,pending,23.94703,85.896794,"https://www.google.com/maps?q=23.94703,85.896794&z=17&hl=en",SSA NPS DAHIYA,2.10,,,
NAWADIH,12,9,20130601301,RAJKIYAKRIT GOVT. SECONDARY SCHOOL MUNGORANGAMATI,pending,23.938392,85.913183,"https://www.google.com/maps?q=23.938392,85.913183&z=17&hl=en",SSA NPS TETARIA TAND,1.92,41.48,91.04,
NAWADIH,13,1,20130606608,UPG P S DHAWAYA,pending,23.893148,85.94297,"https://www.google.com/maps?q=23.893148,85.94297&z=17&hl=en",Godown,35.87,,,
NAWADIH,13,2,20130606607,UPG P S BHARAMTAND,pending,23.90281,85.943703,"https://www.google.com/maps?q=23.90281,85.943703&z=17&hl=en",UPG P S DHAWAYA,1.08,,,
NAWADIH,13,3,20130606601,UPG RAJKIYAKRIT HIGH SCHOOL POKHARIYA,pending,23.906925,85.935607,"https://www.google.com/maps?q=23.906925,85.935607&z=17&hl=en",UPG P S BHARAMTAND,0.94,,,
NAWADIH,13,4,20130602804,SSA NPS LEDHWAKEND,pending,23.905788,85.928098,"https://www.google.com/maps?q=23.905788,85.928098&z=17&hl=en",UPG RAJKIYAKRIT HIGH SCHOOL POKHARIYA,0.77,,,
NAWADIH,13,5,20130606609,SSA NPS BHEDKHUTWA,pending,23.900326,85.929148,"https://www.google.com/maps?q=23.900326,85.929148&z=17&hl=en",SSA NPS LEDHWAKEND,0.62,,,
NAWADIH,13,6,20130606701,UPG RAJKIYAKRIT M S KOTHI,pending,23.915678,85.915994,"https://www.google.com/maps?q=23.915678,85.915994&z=17&hl=en",SSA NPS BHEDKHUTWA,2.17,,,
NAWADIH,13,7,20130605401,RAJKIYAKRIT P S NAWADIH KALA,pending,23.921657,85.920434,"https://www.google.com/maps?q=23.921657,85.920434&z=17&hl=en",UPG RAJKIYAKRIT M S KOTHI,0.80,,,
NAWADIH,13,8,20130601305,SSA NPS GAMHARIYATAND,pending,23.925381,85.903756,"https://www.google.com/maps?q=23.925381,85.903756&z=17&hl=en",RAJKIYAKRIT P S NAWADIH KALA,1.75,,,
NAWADIH,13,9,20130606403,UPG M S AMBACHUA,pending,23.882021,85.879814,"https://www.google.com/maps?q=23.882021,85.879814&z=17&hl=en",SSA NPS GAMHARIYATAND,5.40,40.27,89.67,
NAWADIH,14,1,20130605701,UPG RAJKIYAKRIT HIGH SCHOOL GONIYATO,pending,23.851285,85.889296,"https://www.google.com/maps?q=23.851285,85.889296&z=17&hl=en",Godown,37.67,,,
NAWADIH,14,2,20130605702,UPG P S CHITAHIA,pending,23.85627,85.883331,"https://www.google.com/maps?q=23.85627,85.883331&z=17&hl=en",UPG RAJKIYAKRIT HIGH SCHOOL GONIYATO,0.82,,,
NAWADIH,14,3,20130601802,UPG P S BUTWARIA,pending,23.849669,85.878985,"https://www.google.com/maps?q=23.849669,85.878985&z=17&hl=en",UPG P S CHITAHIA,0.86,,,
NAWADIH,14,4,20130601101,UPG RAJKIYAKRIT M S BUDGADA,pending,23.838825,85.863607,"https://www.google.com/maps?q=23.838825,85.863607&z=17&hl=en",UPG P S BUTWARIA,1.97,,,
NAWADIH,14,5,20130605501,UPG RAJKIYAKRIT M S PARSA BEDA,pending,23.866685,85.887471,"https://www.google.com/maps?q=23.866685,85.887471&z=17&hl=en",UPG RAJKIYAKRIT M S BUDGADA,3.94,38.70,83.95,
PETARWAR,1,1,20131100301,RAJKIYAKRIT M S PICHHARI,pending,23.750934,86.029787,"https://www.google.com/maps?q=23.750934,86.029787&z=17&hl=en",Godown,19.89,,,
PETARWAR,1,2,20131100901,RAJKIYAKRIT P S CHHAPPARDIH,pending,23.743968,85.99697,"https://www.google.com/maps?q=23.743968,85.99697&z=17&hl=en",RAJKIYAKRIT M S PICHHARI,3.43,,,
PETARWAR,1,3,20131100203,RAJKIYAKRIT M S ANGWALI,pending,23.735162,85.992216,"https://www.google.com/maps?q=23.735162,85.992216&z=17&hl=en",RAJKIYAKRIT P S CHHAPPARDIH,1.09,,,
PETARWAR,1,4,20131100201,UPG RAJKIYAKRIT M S ANGWALI KANYA,pending,23.733437,85.988202,"https://www.google.com/maps?q=23.733437,85.988202&z=17&hl=en",RAJKIYAKRIT M S ANGWALI,0.45,,,
PETARWAR,1,5,20131100202,RAJKIYAKRIT P S ANGWALI (MAKTAB),pending,23.724628,85.983839,"https://www.google.com/maps?q=23.724628,85.983839&z=17&hl=en",UPG RAJKIYAKRIT M S ANGWALI KANYA,1.08,,,
PETARWAR,1,6,20131101101,UPG RAJKIYAKRIT M S BEHARA GORA,pending,23.71613,85.99707,"https://www.google.com/maps?q=23.71613,85.99707&z=17&hl=en",RAJKIYAKRIT P S ANGWALI (MAKTAB),1.65,,,
PETARWAR,1,7,20131106001,UPG RAJKIYAKRIT M S BARA KENDUWA,pending,23.697181,85.995585,"https://www.google.com/maps?q=23.697181,85.995585&z=17&hl=en",UPG RAJKIYAKRIT M S BEHARA GORA,2.11,,,
PETARWAR,1,8,20131105801,RAJKIYAKRIT P S NAWA DIH,pending,23.688338,85.996918,"https://www.google.com/maps?q=23.688338,85.996918&z=17&hl=en",UPG RAJKIYAKRIT M S BARA KENDUWA,0.99,,,
PETARWAR,1,9,20131105701,UPG RAJKIYAKRIT M S DAHUWA,pending,23.685742,85.964708,"https://www.google.com/maps?q=23.685742,85.964708&z=17&hl=en",RAJKIYAKRIT P S NAWA DIH,3.29,25.05,59.03,
PETARWAR,2,1,20131102901,UPG RAJKIYAKRIT M S CHHAPARGARHA,pending,23.691653,85.959269,"https://www.google.com/maps?q=23.691653,85.959269&z=17&hl=en",Godown,25.62,,,
PETARWAR,2,2,20131100601,UPG RAJKIYAKRIT +2 HIGH SCHOOL CHANDO,pending,23.687646,85.938386,"https://www.google.com/maps?q=23.687646,85.938386&z=17&hl=en",UPG RAJKIYAKRIT M S CHHAPARGARHA,2.17,,,
PETARWAR,2,3,20131102501,RAJKIYAKRIT P S KHURD CHANDO,pending,23.679371,85.928455,"https://www.google.com/maps?q=23.679371,85.928455&z=17&hl=en",UPG RAJKIYAKRIT +2 HIGH SCHOOL CHANDO,1.37,,,
PETARWAR,2,4,20131103801,UPG RAJKIYAKRIT M S ROHAR,pending,23.695564,85.91776,"https://www.google.com/maps?q=23.695564,85.91776&z=17&hl=en",RAJKIYAKRIT P S KHURD CHANDO,2.10,,,
PETARWAR,2,5,20131106801,UPG RAJKIYAKRIT M S CHATUGARHA,pending,23.695276,85.900853,"https://www.google.com/maps?q=23.695276,85.900853&z=17&hl=en",UPG RAJKIYAKRIT M S ROHAR,1.72,,,
PETARWAR,2,6,20131104001,UPG RAJKIYAKRIT M S MAYAPUR,pending,23.682464,85.887202,"https://www.google.com/maps?q=23.682464,85.887202&z=17&hl=en",UPG RAJKIYAKRIT M S CHATUGARHA,1.99,,,
PETARWAR,2,7,20131104301,UPG RAJKIYAKRIT M S OSAM,pending,23.673677,85.878379,"https://www.google.com/maps?q=23.673677,85.878379&z=17&hl=en",UPG RAJKIYAKRIT M S MAYAPUR,1.33,,,
PETARWAR,2,8,20131106302,SSA NPS HAZARITAND,pending,23.687332,85.86362,"https://www.google.com/maps?q=23.687332,85.86362&z=17&hl=en",UPG RAJKIYAKRIT M S OSAM,2.14,,,
PETARWAR,2,9,20131106303,SSA NPS BHELWATAND,pending,23.687013,85.85355,"https://www.google.com/maps?q=23.687013,85.85355&z=17&hl=en",SSA NPS HAZARITAND,1.03,36.37,75.83,
PETARWAR,3,1,20131102402,UPG P S BADKITAND,pending,23.71576,85.95298,"https://www.google.com/maps?q=23.71576,85.95298&z=17&hl=en",Godown,26.49,,,
PETARWAR,3,2,20131102401,RAJKIYAKRIT P S JHUNJHKO,pending,23.726481,85.943791,"https://www.google.com/maps?q=23.726481,85.943791&z=17&hl=en",UPG P S BADKITAND,1.52,,,
PETARWAR,3,3,20131100801,UPG RAJKIYAKRIT M S KARANDIH,pending,23.73368,85.955658,"https://www.google.com/maps?q=23.73368,85.955658&z=17&hl=en",RAJKIYAKRIT P S JHUNJHKO,1.45,,,
PETARWAR,3,4,20131101602,RAJKIYAKRIT PS CHALKARI,pending,23.748755,85.946381,"https://www.google.com/maps?q=23.748755,85.946381&z=17&hl=en",UPG RAJKIYAKRIT M S KARANDIH,1.92,,,
PETARWAR,3,5,20131101603,UPG RAJKIYAKRIT HIGH SCHOOL CHALKARI,pending,23.75526,85.953352,"https://www.google.com/maps?q=23.75526,85.953352&z=17&hl=en",RAJKIYAKRIT PS CHALKARI,1.01,,,
PETARWAR,3,6,20131101601,UPG RAJKIYAKRIT M S KANIDIH,pending,23.733246,85.928751,"https://www.google.com/maps?q=23.733246,85.928751&z=17&hl=en",UPG RAJKIYAKRIT HIGH SCHOOL CHALKARI,3.50,,,
PETARWAR,3,7,20131105101,RAJKIYAKRIT P S JHOPROTAND,pending,23.733179,85.928766,"https://www.google.com/maps?q=23.733179,85.928766&z=17&hl=en",UPG RAJKIYAKRIT M S KANIDIH,0.01,,,
PETARWAR,3,8,20131101701,UPG RAJKIYAKRIT M S BASARIYA,pending,23.723833,85.929358,"https://www.google.com/maps?q=23.723833,85.929358&z=17&hl=en",RAJKIYAKRIT P S JHOPROTAND,1.04,,,
PETARWAR,3,9,20131104901,RAJKIYAKRIT P S GARRI,pending,23.707233,85.934482,"https://www.google.com/maps?q=23.707233,85.934482&z=17&hl=en",UPG RAJKIYAKRIT M S BASARIYA,1.92,28.25,67.11,
PETARWAR,4,1,20131103304,UPG M S MUSLIM NICHETOLA KHETKO,pending,23.757326,85.91594,"https://www.google.com/maps?q=23.757326,85.91594&z=17&hl=en",Godown,31.12,,,
PETARWAR,4,2,20131103302,RAJKIYAKRIT M S KHETKO,pending,23.749823,85.911884,"https://www.google.com/maps?q=23.749823,85.911884&z=17&hl=en",UPG M S MUSLIM NICHETOLA KHETKO,0.93,,,
PETARWAR,4,3,20131107701,UPG RAJKIYAKRIT M S BHULANKHETKO,pending,23.749826,85.911841,"https://www.google.com/maps?q=23.749826,85.911841&z=17&hl=en",RAJKIYAKRIT M S KHETKO,0.00,,,
PETARWAR,4,4,20131103306,UPG P S AMBAKOCHA,pending,23.741646,85.908033,"https://www.google.com/maps?q=23.741646,85.908033&z=17&hl=en",UPG RAJKIYAKRIT M S BHULANKHETKO,0.99,,,
PETARWAR,4,5,20131103501,RAJKIYAKRIT P S KESHWARI,pending,23.733291,85.891809,"https://www.google.com/maps?q=23.733291,85.891809&z=17&hl=en",UPG P S AMBAKOCHA,1.89,,,
PETARWAR,4,6,20131106602,UPG M S CHAMPI BICH TOLA,pending,23.733602,85.88168,"https://www.google.com/maps?q=23.733602,85.88168&z=17&hl=en",RAJKIYAKRIT P S KESHWARI,1.03,,,
PETARWAR,4,7,20131106606,UPG RAJKIYAKRIT HIGH SCHOOL CHANPI,pending,23.734519,85.879449,"https://www.google.com/maps?q=23.734519,85.879449&z=17&hl=en",UPG M S CHAMPI BICH TOLA,0.25,,,
PETARWAR,4,8,20131106701,UPG RAJKIYAKRIT M S JAMUNIYA TAND,pending,23.742633,85.869536,"https://www.google.com/maps?q=23.742633,85.869536&z=17&hl=en",UPG RAJKIYAKRIT HIGH SCHOOL CHANPI,1.35,,,
PETARWAR,4,9,20131101501,RAJKIYAKRIT P S GHARWATAND (D-2018),pending,23.738079,85.86354,"https://www.google.com/maps?q=23.738079,85.86354&z=17&hl=en",UPG RAJKIYAKRIT M S JAMUNIYA TAND,0.79,35.86,74.23,
PETARWAR,5,1,20131104801,RAJKIYAKRIT P S KOJRAM,pending,23.630266,85.888825,"https://www.google.com/maps?q=23.630266,85.888825&z=17&hl=en",Godown,33.31,,,
PETARWAR,5,2,20131103001,UPG RAJKIYAKRIT M S DARID,pending,23.646234,85.88065,"https://www.google.com/maps?q=23.646234,85.88065&z=17&hl=en",RAJKIYAKRIT P S KOJRAM,1.96,,,
PETARWAR,5,3,20131103901,UPG RAJKIYAKRIT M S BARSONGHA,pending,23.65183,85.866307,"https://www.google.com/maps?q=23.65183,85.866307&z=17&hl=en",UPG RAJKIYAKRIT M S DARID,1.59,,,
PETARWAR,5,4,20131107501,UPG P S ACHHAIYA,pending,23.645654,85.859682,"https://www.google.com/maps?q=23.645654,85.859682&z=17&hl=en",UPG RAJKIYAKRIT M S BARSONGHA,0.96,,,
PETARWAR,5,5,20131105302,UPG RAJKIYAKRIT M S PRAKHAND COLONY,pending,23.640427,85.857604,"https://www.google.com/maps?q=23.640427,85.857604&z=17&hl=en",UPG P S ACHHAIYA,0.62,,,
PETARWAR,5,6,20131103701,RAJKIYAKRIT P S AMBADIH (D-2018),pending,23.637906,85.866427,"https://www.google.com/maps?q=23.637906,85.866427&z=17&hl=en",UPG RAJKIYAKRIT M S PRAKHAND COLONY,0.94,,,
PETARWAR,5,7,20131105901,UPG RAJKIYAKRIT M S TAKAHA,pending,23.631667,85.868466,"https://www.google.com/maps?q=23.631667,85.868466&z=17&hl=en",RAJKIYAKRIT P S AMBADIH (D-2018),0.72,,,
PETARWAR,5,8,20131105301,UPG RAJKIYAKRIT M S SADMA KALA,pending,23.630514,85.861188,"https://www.google.com/maps?q=23.630514,85.861188&z=17&hl=en",UPG RAJKIYAKRIT M S TAKAHA,0.75,,,
PETARWAR,5,9,20131102702,UPG RAJKIYAKRIT M S JARUWATAND MAKTAB,pending,23.62113,85.85801,"https://www.google.com/maps?q=23.62113,85.85801&z=17&hl=en",UPG RAJKIYAKRIT M S SADMA KALA,1.09,36.58,78.53,
PETARWAR,6,1,20131106601,RAJKIYAKRIT P S CHANPI (KANYA),pending,23.723064,85.87299,"https://www.google.com/maps?q=23.723064,85.87299&z=17&hl=en",Godown,34.67,,,
PETARWAR,6,2,20131101301,UPG RAJKIYAKRIT M S ULGADDA,pending,23.704488,85.857788,"https://www.google.com/maps?q=23.704488,85.857788&z=17&hl=en",RAJKIYAKRIT P S CHANPI (KANYA),2.58,,,
PETARWAR,6,3,20131103201,RAJKIYAKRIT M S TENUGHAT,pending,23.725683,85.84146,"https://www.google.com/maps?q=23.725683,85.84146&z=17&hl=en",UPG RAJKIYAKRIT M S ULGADDA,2.88,,,
PETARWAR,6,4,20131101502,SSA NPS PIPRADIH GHARWATAND,pending,23.735804,85.848651,"https://www.google.com/maps?q=23.735804,85.848651&z=17&hl=en",RAJKIYAKRIT M S TENUGHAT,1.34,,,
PETARWAR,6,5,20131100502,RAJKIYAKRIT P S BAGJOBRA,pending,23.706623,85.828654,"https://www.google.com/maps?q=23.706623,85.828654&z=17&hl=en",SSA NPS PIPRADIH GHARWATAND,3.83,,,
PETARWAR,6,6,20131102306,SSA NPS MOTHATAND,pending,23.699773,85.818988,"https://www.google.com/maps?q=23.699773,85.818988&z=17&hl=en",RAJKIYAKRIT P S BAGJOBRA,1.24,,,
PETARWAR,6,7,20131102301,PM SHRI UPG RAJKIYAKRIT HIGH SCHOOL PATKI,pending,23.694559,85.826869,"https://www.google.com/maps?q=23.694559,85.826869&z=17&hl=en",SSA NPS MOTHATAND,0.99,,,
PETARWAR,6,8,20131104501,RAJKIYAKRIT P S KARMACHOKI,pending,23.685357,85.831589,"https://www.google.com/maps?q=23.685357,85.831589&z=17&hl=en",PM SHRI UPG RAJKIYAKRIT HIGH SCHOOL PATKI,1.13,,,
PETARWAR,6,9,20131105601,UPG RAJKIYKRIT M S LAWAGADHA,pending,23.679992,85.830061,"https://www.google.com/maps?q=23.679992,85.830061&z=17&hl=en",RAJKIYAKRIT P S KARMACHOKI,0.62,38.76,88.05,
PETARWAR,7,1,20131102101,UPG RAJKIYAKRIT M S GOPALPUR,pending,23.620648,85.872053,"https://www.google.com/maps?q=23.620648,85.872053&z=17&hl=en",Godown,35.19,,,
PETARWAR,7,2,20131103601,UPG RAJKIYAKRIT +2 HIGH SCHOOL KATAMKULHI,pending,23.616747,85.852848,"https://www.google.com/maps?q=23.616747,85.852848&z=17&hl=en",UPG RAJKIYAKRIT M S GOPALPUR,2.00,,,
PETARWAR,7,3,20131103401,RAJKIYAKRIT M S PETARWAR,pending,23.614957,85.849486,"https://www.google.com/maps?q=23.614957,85.849486&z=17&hl=en",UPG RAJKIYAKRIT +2 HIGH SCHOOL KATAMKULHI,0.40,,,
PETARWAR,7,4,20131103402,RAJKIYAKRIT M S PETARWAR (BALIKA),pending,23.614431,85.849162,"https://www.google.com/maps?q=23.614431,85.849162&z=17&hl=en",RAJKIYAKRIT M S PETARWAR,0.07,,,
PETARWAR,7,5,20131103214,KGBV PETARWAR,pending,23.61732,85.845771,"https://www.google.com/maps?q=23.61732,85.845771&z=17&hl=en",RAJKIYAKRIT M S PETARWAR (BALIKA),0.47,,,
PETARWAR,7,6,20131103405,UPG RAJKIYKRIT M S KHATRI TOLA,pending,23.610739,85.8528,"https://www.google.com/maps?q=23.610739,85.8528&z=17&hl=en",KGBV PETARWAR,1.02,,,
PETARWAR,7,7,20131107601,UPG P S ARARI,pending,23.596919,85.842666,"https://www.google.com/maps?q=23.596919,85.842666&z=17&hl=en",UPG RAJKIYKRIT M S KHATRI TOLA,1.85,,,
PETARWAR,7,8,20131100701,UPG RAJKIYAKRIT M S RUKAM,pending,23.58371,85.853103,"https://www.google.com/maps?q=23.58371,85.853103&z=17&hl=en",UPG P S ARARI,1.81,,,
PETARWAR,7,9,20131106401,UPG RAJKIYAKRIT M S CHARGI,pending,23.601576,85.822564,"https://www.google.com/maps?q=23.601576,85.822564&z=17&hl=en",UPG RAJKIYAKRIT M S RUKAM,3.69,40.57,87.07,
PETARWAR,8,1,20131106201,UPG RAJKIYAKRIT M S JHIRKE,pending,23.659054,85.852437,"https://www.google.com/maps?q=23.659054,85.852437&z=17&hl=en",Godown,36.58,,,
PETARWAR,8,2,20131105201,RAJKIYAKRIT P S JEBRA,pending,23.659868,85.843199,"https://www.google.com/maps?q=23.659868,85.843199&z=17&hl=en",UPG RAJKIYAKRIT M S JHIRKE,0.95,,,
PETARWAR,8,3,20131106501,UPG RAJKIYAKRIT +2 HIGH SCHOOL ORDANA,pending,23.653753,85.836226,"https://www.google.com/maps?q=23.653753,85.836226&z=17&hl=en",RAJKIYAKRIT P S JEBRA,0.98,,,
PETARWAR,8,4,20131104101,RAJKIYAKRIT P S OBARA,pending,23.644486,85.831548,"https://www.google.com/maps?q=23.644486,85.831548&z=17&hl=en",UPG RAJKIYAKRIT +2 HIGH SCHOOL ORDANA,1.14,,,
PETARWAR,8,5,20131106512,SSA NPS PIPRIYANG,pending,23.639755,85.818832,"https://www.google.com/maps?q=23.639755,85.818832&z=17&hl=en",RAJKIYAKRIT P S OBARA,1.40,,,
PETARWAR,8,6,20131101901,UPG RAJKIYAKRIT M S KOH,pending,23.64634,85.799457,"https://www.google.com/maps?q=23.64634,85.799457&z=17&hl=en",SSA NPS PIPRIYANG,2.11,,,
PETARWAR,8,7,20131102802,RAJKIYAKRIT P S KHAIRAJARA,pending,23.658549,85.816032,"https://www.google.com/maps?q=23.658549,85.816032&z=17&hl=en",UPG RAJKIYAKRIT M S KOH,2.17,,,
PETARWAR,8,8,20131102205,UPG P S AMTAND,pending,23.664131,85.826992,"https://www.google.com/maps?q=23.664131,85.826992&z=17&hl=en",RAJKIYAKRIT P S KHAIRAJARA,1.28,,,
PETARWAR,8,9,20131105501,UPG RAJKIYAKRIT M S CHIPUDAAG,pending,23.672104,85.850323,"https://www.google.com/maps?q=23.672104,85.850323&z=17&hl=en",UPG P S AMTAND,2.54,36.72,85.85,
PETARWAR,9,1,20131101401,UPG RAJKIYAKRIT +2 HIGH SCHOOL RANGAMATI,pending,23.703077,85.807064,"https://www.google.com/maps?q=23.703077,85.807064&z=17&hl=en",Godown,41.16,,,
PETARWAR,9,2,20131102001,RAJKIYAKRIT M S MIRJAPUR,pending,23.706354,85.79658,"https://www.google.com/maps?q=23.706354,85.79658&z=17&hl=en",UPG RAJKIYAKRIT +2 HIGH SCHOOL RANGAMATI,1.13,,,
PETARWAR,9,3,20131104401,RAJKIYAKRIT P S MADAIGHOGHRA,pending,23.708115,85.794965,"https://www.google.com/maps?q=23.708115,85.794965&z=17&hl=en",RAJKIYAKRIT M S MIRJAPUR,0.26,,,
PETARWAR,9,4,20131102201,UPG RAJKIYAKRIT M S ARJUWA,pending,23.674857,85.803659,"https://www.google.com/maps?q=23.674857,85.803659&z=17&hl=en",RAJKIYAKRIT P S MADAIGHOGHRA,3.80,,,
PETARWAR,9,5,20131105402,UPG M S MERU DARU KHAS,pending,23.67021,85.783439,"https://www.google.com/maps?q=23.67021,85.783439&z=17&hl=en",UPG RAJKIYAKRIT M S ARJUWA,2.12,,,
PETARWAR,9,6,20131105001,UPG RAJKIYAKRIT M S GABHARMOCHRO,pending,23.66308,85.775872,"https://www.google.com/maps?q=23.66308,85.775872&z=17&hl=en",UPG M S MERU DARU KHAS,1.11,,,
PETARWAR,9,7,20131105401,UPG RAJKIYAKRIT M S MERU DARU,pending,23.674239,85.767295,"https://www.google.com/maps?q=23.674239,85.767295&z=17&hl=en",UPG RAJKIYAKRIT M S GABHARMOCHRO,1.52,,,
PETARWAR,9,8,20131108301,UPG RAJKIYAKRIT M S BUDHAN GODA,pending,23.622725,85.801349,"https://www.google.com/maps?q=23.622725,85.801349&z=17&hl=en",UPG RAJKIYAKRIT M S MERU DARU,6.70,42.23,100.02,
