"No","Block","UDISE","School Name","Category","Tables","Chairs","Latitude","Longitude","Google Maps Link"
"1","CHAS","20130313701","BASIC SCHOOL DABARTUPRA","Primary with Upper Primary","4","4","23.527704","86.218517","https://www.google.com/maps?q=23.527704,86.218517"
"2","CHAS","20130317501","PM SHRI RAJKIYAKRIT M S MARAFARI","Primary with Upper Primary","4","4","23.640628","86.119188","https://www.google.com/maps?q=23.640628,86.119188"
"3","CHAS","20130326501","PM SHRI UPG RAJKIYAKRIT M S BHARRA URDU","Primary with Upper Primary","4","4","23.651944","86.163803","https://www.google.com/maps?q=23.651944,86.163803"
"4","CHAS","20130329304","RAJKIYAKRIT ADARSH M S YODHADIH","Primary with Upper Primary","4","4","23.627306","86.185775","https://www.google.com/maps?q=23.627306,86.185775"
"5","CHAS","20130312201","RAJKIYAKRIT M S BIJULIYA","Primary with Upper Primary","4","4","23.670685","86.283009","https://www.google.com/maps?q=23.670685,86.283009"
"6","CHAS","20130317601","RAJKIYAKRIT M S B.M.P-4","Primary with Upper Primary","4","4","23.637007","86.132885","https://www.google.com/maps?q=23.637007,86.132885"
"7","CHAS","20130328604","RAJKIYAKRIT M S CHAS","Primary with Upper Primary","4","4","23.636258","86.164928","https://www.google.com/maps?q=23.636258,86.164928"
"8","CHAS","20130314502","RAJKIYAKRIT M S DHANDABAR","Primary with Upper Primary","4","4","23.662237","86.25534","https://www.google.com/maps?q=23.662237,86.25534"
"9","CHAS","20130300101","RAJKIYAKRIT M S GHATIYALI","Primary with Upper Primary","4","4","23.585172","86.126153","https://www.google.com/maps?q=23.585172,86.126153"
"10","CHAS","20130319601","RAJKIYAKRIT M S GORABALI","Primary with Upper Primary","4","4","23.666919","86.048603","https://www.google.com/maps?q=23.666919,86.048603"
"11","CHAS","20130311101","RAJKIYAKRIT M S HARIDIH","Primary with Upper Primary","4","4","23.580197","86.244355","https://www.google.com/maps?q=23.580197,86.244355"
"12","CHAS","20130326901","RAJKIYAKRIT M S JAMGORIA","Primary with Upper Primary","4","4","23.645548","86.202904","https://www.google.com/maps?q=23.645548,86.202904"
"13","CHAS","20130304801","RAJKIYAKRIT M S KANDRA","Primary with Upper Primary","4","4","23.597279","86.189316","https://www.google.com/maps?q=23.597279,86.189316"
"14","CHAS","20130312701","RAJKIYAKRIT M S KHAMARBENDI","Primary with Upper Primary","4","4","23.591492","86.24781","https://www.google.com/maps?q=23.591492,86.24781"
"15","CHAS","20130310501","RAJKIYAKRIT M S KURA","Primary with Upper Primary","4","4","23.57356","86.210365","https://www.google.com/maps?q=23.57356,86.210365"
"16","CHAS","20130306405","RAJKIYAKRIT M S KURMA","Primary with Upper Primary","4","4","23.543705","86.162691","https://www.google.com/maps?q=23.543705,86.162691"
"17","CHAS","20130320401","RAJKIYAKRIT M S LAKRAKHANDA","Primary with Upper Primary","4","4","23.654247","86.114906","https://www.google.com/maps?q=23.654247,86.114906"
"18","CHAS","20130314101","RAJKIYAKRIT M S PUNDRU","Primary with Upper Primary","4","4","23.540872","86.282611","https://www.google.com/maps?q=23.540872,86.282611"
"19","CHAS","20130314901","RAJKIYAKRIT M S PUPUNAKI","Primary with Upper Primary","4","4","23.702946","86.203932","https://www.google.com/maps?q=23.702946,86.203932"
"20","CHAS","20130320301","RAJKIYAKRIT M S RAILWAY","Primary with Upper Primary","4","4","23.661008","86.081024","https://www.google.com/maps?q=23.661008,86.081024"
"21","CHAS","20130327002","RAJKIYAKRIT M S SALAGIDIH","Primary with Upper Primary","4","4","23.633276","86.194794","https://www.google.com/maps?q=23.633276,86.194794"
"22","CHAS","20130307431","RAJKIYAKRIT M S SECTOR-2","Primary with Upper Primary","4","4","23.652875","86.136386","https://www.google.com/maps?q=23.652875,86.136386"
"23","CHAS","20130319501","RAJKIYAKRIT M S SECTOR-4","Primary with Upper Primary","4","4","23.670133","86.155062","https://www.google.com/maps?q=23.670133,86.155062"
"24","CHAS","20130310601","RAJKIYAKRIT M S SILFOR","Primary with Upper Primary","4","4","23.573122","86.266193","https://www.google.com/maps?q=23.573122,86.266193"
"25","CHAS","20130310701","RAJKIYAKRIT M S TURIDIH","Primary with Upper Primary","4","4","23.549647","86.232381","https://www.google.com/maps?q=23.549647,86.232381"
"26","CHAS","20130315402","UPG M S GOUSNAGAR","Primary with Upper Primary","4","4","23.640151","86.099303","https://www.google.com/maps?q=23.640151,86.099303"
"27","CHAS","20130322101","UPG RAJKIYAKRIT M S AGARDIH (URDU)","Primary with Upper Primary","4","4","23.701565","86.127784","https://www.google.com/maps?q=23.701565,86.127784"
"28","CHAS","20130302202","UPG RAJKIYAKRIT M S AMURAMU","Primary with Upper Primary","4","4","23.518611","86.152817","https://www.google.com/maps?q=23.518611,86.152817"
"29","CHAS","20130328903","UPG RAJKIYAKRIT M S ASANSOL","Primary with Upper Primary","4","4","23.614911","86.165813","https://www.google.com/maps?q=23.614911,86.165813"
"30","CHAS","20130317901","UPG RAJKIYAKRIT M S AZADNAGAR","Primary with Upper Primary","4","4","23.660664","86.110369","https://www.google.com/maps?q=23.660664,86.110369"
"31","CHAS","20130313601","UPG RAJKIYAKRIT MS BABUDIH (URDU)","Primary with Upper Primary","4","4","23.576028","86.290738","https://www.google.com/maps?q=23.576028,86.290738"
"32","CHAS","20130317401","UPG RAJKIYAKRIT M S BANSIMLI","Primary with Upper Primary","4","4","23.628926","86.083893","https://www.google.com/maps?q=23.628926,86.083893"
"33","CHAS","20130313801","UPG RAJKIYAKRIT M S BARPOKHAR","Primary with Upper Primary","4","4","23.574067","86.226175","https://www.google.com/maps?q=23.574067,86.226175"
"34","CHAS","20130316701","UPG RAJKIYAKRIT M S BARUDIH","Primary with Upper Primary","4","4","23.596746","86.064254","https://www.google.com/maps?q=23.596746,86.064254"
"35","CHAS","20130315602","UPG RAJKIYAKRIT M S BASTEJI","Primary with Upper Primary","4","4","23.685699","86.136899","https://www.google.com/maps?q=23.685699,86.136899"
"36","CHAS","20130327501","UPG RAJKIYAKRIT M S BAURITOLA","Primary with Upper Primary","4","4","23.635596","86.167313","https://www.google.com/maps?q=23.635596,86.167313"
"37","CHAS","20130308701","UPG RAJKIYAKRIT M S BELUNJA","Primary with Upper Primary","4","4","23.686369","86.274941","https://www.google.com/maps?q=23.686369,86.274941"
"38","CHAS","20130309501","UPG RAJKIYAKRIT M S BELUT","Primary with Upper Primary","4","4","23.685408","86.260917","https://www.google.com/maps?q=23.685408,86.260917"
"39","CHAS","20130308101","UPG RAJKIYAKRIT M S BENDI","Primary with Upper Primary","4","4","23.597","86.233153","https://www.google.com/maps?q=23.597,86.233153"
"40","CHAS","20130300201","UPG RAJKIYAKRIT M S BHANDARDIH CHAS 1","Primary with Upper Primary","4","4","23.569626","86.137924","https://www.google.com/maps?q=23.569626,86.137924"
"41","CHAS","20130315101","UPG RAJKIYAKRIT M S BHANDRO (BALIKA)","Primary with Upper Primary","4","4","23.562048","86.215588","https://www.google.com/maps?q=23.562048,86.215588"
"42","CHAS","20130309001","UPG RAJKIYAKRIT M S BHANGABANDH","Primary with Upper Primary","4","4","23.644407","86.294759","https://www.google.com/maps?q=23.644407,86.294759"
"43","CHAS","20130305802","UPG RAJKIYAKRIT M S BHANGABAZAR CHAS-1","Primary with Upper Primary","4","4","23.577979","86.165522","https://www.google.com/maps?q=23.577979,86.165522"
"44","CHAS","20130316301","UPG RAJKIYAKRIT M S BHATUA","Primary with Upper Primary","4","4","23.693247","86.122305","https://www.google.com/maps?q=23.693247,86.122305"
"45","CHAS","20130318601","UPG RAJKIYAKRIT M S BISUNPUR","Primary with Upper Primary","4","4","23.675304","86.048113","https://www.google.com/maps?q=23.675304,86.048113"
"46","CHAS","20130308501","UPG RAJKIYAKRIT M S BUDHIBINOR","Primary with Upper Primary","4","4","23.664899","86.297807","https://www.google.com/maps?q=23.664899,86.297807"
"47","CHAS","20130300501","UPG RAJKIYAKRIT M S CHAKULIYA","Primary with Upper Primary","4","4","23.574645","86.171239","https://www.google.com/maps?q=23.574645,86.171239"
"48","CHAS","20130309203","UPG RAJKIYAKRIT M S CHAMSOBAD (HARIJAN)","Primary with Upper Primary","4","4","23.625188","86.234555","https://www.google.com/maps?q=23.625188,86.234555"
"49","CHAS","20130310301","UPG RAJKIYAKRIT M S CHANDAHA (URDU)","Primary with Upper Primary","4","4","23.661235","86.313557","https://www.google.com/maps?q=23.661235,86.313557"
"50","CHAS","20130310702","UPG RAJKIYAKRIT M S CHAPATAND","Primary with Upper Primary","4","4","23.552783","86.229747","https://www.google.com/maps?q=23.552783,86.229747"
"51","CHAS","20130327603","UPG RAJKIYAKRIT M S CHAS (URDU)","Primary with Upper Primary","4","4","23.636729","86.175498","https://www.google.com/maps?q=23.636729,86.175498"
"52","CHAS","20130326702","UPG RAJKIYAKRIT M S CHIRACHAS","Primary with Upper Primary","4","4","23.657023","86.176076","https://www.google.com/maps?q=23.657023,86.176076"
"53","CHAS","20130314801","UPG RAJKIYAKRIT M S DABAR BAHAL","Primary with Upper Primary","4","4","23.58932","86.238902","https://www.google.com/maps?q=23.58932,86.238902"
"54","CHAS","20130314503","UPG RAJKIYAKRIT M S DHANDABRA","Primary with Upper Primary","4","4","23.700458","86.177713","https://www.google.com/maps?q=23.700458,86.177713"
"55","CHAS","20130314301","UPG RAJKIYAKRIT M S DHOBNI","Primary with Upper Primary","4","4","23.643285","86.225762","https://www.google.com/maps?q=23.643285,86.225762"
"56","CHAS","20130311201","UPG RAJKIYAKRIT M S DUDHIGAJAR","Primary with Upper Primary","4","4","23.584608","86.254466","https://www.google.com/maps?q=23.584608,86.254466"
"57","CHAS","20130308302","UPG RAJKIYAKRIT M S DUMARADA HINDI","Primary with Upper Primary","4","4","23.699962","86.274704","https://www.google.com/maps?q=23.699962,86.274704"
"58","CHAS","20130308801","UPG RAJKIYAKRIT M S DUMARJOR","Primary with Upper Primary","4","4","23.66591","86.202885","https://www.google.com/maps?q=23.66591,86.202885"
"59","CHAS","20130305303","UPG RAJKIYAKRIT M S DURGAPUR CHAS-2","Primary with Upper Primary","4","4","23.603064","86.220781","https://www.google.com/maps?q=23.603064,86.220781"
"60","CHAS","20130303001","UPG RAJKIYAKRIT M S GOPALPUR CHAS-1","Primary with Upper Primary","4","4","23.501729","86.170714","https://www.google.com/maps?q=23.501729,86.170714"
"61","CHANDANKIYARI","20130101801","RAJKIYAKRIT M S ALUARA","Primary with Upper Primary","4","4","23.697267","86.309862","https://www.google.com/maps?q=23.697267,86.309862"
"62","CHANDANKIYARI","20130103101","RAJKIYAKRIT M S BATBINOR","Primary with Upper Primary","4","4","23.675685","86.309028","https://www.google.com/maps?q=23.675685,86.309028"
"63","CHANDANKIYARI","20130102101","RAJKIYAKRIT M S BHOJUDIH","Primary with Upper Primary","4","4","23.64172","86.433088","https://www.google.com/maps?q=23.64172,86.433088"
"64","CHANDANKIYARI","20130101602","RAJKIYAKRIT M S CHANDANKIYARI (GIRLS)","Primary with Upper Primary","4","4","23.569156","86.363976","https://www.google.com/maps?q=23.569156,86.363976"
"65","CHANDANKIYARI","20130101401","RAJKIYAKRIT M S CHANDRA","Primary with Upper Primary","4","4","23.59453","86.30324","https://www.google.com/maps?q=23.59453,86.30324"
"66","CHANDANKIYARI","20130108601","RAJKIYAKRIT M S JHALBARDA","Primary with Upper Primary","4","4","23.506138","86.300942","https://www.google.com/maps?q=23.506138,86.300942"
"67","CHANDANKIYARI","20130107501","RAJKIYAKRIT M S KALIKAPUR","Primary with Upper Primary","4","4","23.464988","86.257514","https://www.google.com/maps?q=23.464988,86.257514"
"68","CHANDANKIYARI","20130110105","RAJKIYAKRIT M S KHEDADIH","Primary with Upper Primary","4","4","23.454965","86.300513","https://www.google.com/maps?q=23.454965,86.300513"
"69","CHANDANKIYARI","20130100301","RAJKIYAKRIT M S KUMIRDOBA","Primary with Upper Primary","4","4","23.566899","86.324093","https://www.google.com/maps?q=23.566899,86.324093"
"70","CHANDANKIYARI","20130100701","RAJKIYAKRIT M S MADRA","Primary with Upper Primary","4","4","23.604418","86.421506","https://www.google.com/maps?q=23.604418,86.421506"
"71","CHANDANKIYARI","20130111703","RAJKIYAKRIT M S NAWDIHA","Primary with Upper Primary","4","4","23.513192","86.314969","https://www.google.com/maps?q=23.513192,86.314969"
"72","CHANDANKIYARI","20130100901","RAJKIYAKRIT M S SIMULIYA","Primary with Upper Primary","4","4","23.606369","86.404729","https://www.google.com/maps?q=23.606369,86.404729"
"73","CHANDANKIYARI","20130103001","RAJKIYAKRIT M S TALGARIYA","Primary with Upper Primary","4","4","23.700757","86.350917","https://www.google.com/maps?q=23.700757,86.350917"
"74","CHANDANKIYARI","20130101101","RAJKIYAKRIT M S UDALBANI","Primary with Upper Primary","4","4","23.618433","86.280602","https://www.google.com/maps?q=23.618433,86.280602"
"75","CHANDANKIYARI","20130105703","UPG RAJKIYAKRIT M S AMLABAD","Primary with Upper Primary","4","4","23.684927","86.375026","https://www.google.com/maps?q=23.684927,86.375026"
"76","CHANDANKIYARI","20130106401","UPG RAJKIYAKRIT M S ASANSOL","Primary with Upper Primary","4","4","23.651992","86.35","https://www.google.com/maps?q=23.651992,86.35"
"77","CHANDANKIYARI","20130112701","UPG RAJKIYAKRIT M S BANSTORA","Primary with Upper Primary","4","4","23.530292","86.331596","https://www.google.com/maps?q=23.530292,86.331596"
"78","CHANDANKIYARI","20130103902","UPG RAJKIYAKRIT M S BARAJORE","Primary with Upper Primary","4","4","23.60663","86.337713","https://www.google.com/maps?q=23.60663,86.337713"
"79","CHANDANKIYARI","20130101702","UPG RAJKIYAKRIT M S BARKAMA","Primary with Upper Primary","4","4","23.588809","86.34313","https://www.google.com/maps?q=23.588809,86.34313"
"80","CHANDANKIYARI","20130105412","UPG RAJKIYAKRIT M S BIRUBANDH","Primary with Upper Primary","4","4","23.664796","86.368952","https://www.google.com/maps?q=23.664796,86.368952"
"81","CHANDANKIYARI","20130109901","UPG RAJKIYAKRIT M S BODMA","Primary with Upper Primary","4","4","23.527481","86.347228","https://www.google.com/maps?q=23.527481,86.347228"
"82","CHANDANKIYARI","20130104101","UPG RAJKIYAKRIT M S BOGULA","Primary with Upper Primary","4","4","23.607619","86.36633","https://www.google.com/maps?q=23.607619,86.36633"
"83","CHANDANKIYARI","20130107401","UPG RAJKIYAKRIT M S BORIYADIH","Primary with Upper Primary","4","4","23.4876","86.320911","https://www.google.com/maps?q=23.4876,86.320911"
"84","CHANDANKIYARI","20130106804","UPG RAJKIYAKRIT M S BRAHMAN LAGHLA","Primary with Upper Primary","4","4","23.622179","86.391766","https://www.google.com/maps?q=23.622179,86.391766"
"85","CHANDANKIYARI","20130101406","UPG RAJKIYAKRIT M S CHAMRABAD","Primary with Upper Primary","4","4","23.588128","86.31249","https://www.google.com/maps?q=23.588128,86.31249"
"86","CHANDANKIYARI","20130101606","UPG RAJKIYAKRIT M S CHANDANKIYARI BAZAR","Primary with Upper Primary","4","4","23.576374","86.360351","https://www.google.com/maps?q=23.576374,86.360351"
"87","CHANDANKIYARI","20130109701","UPG RAJKIYAKRIT M S CHANDIPUR","Primary with Upper Primary","4","4","23.547131","86.345815","https://www.google.com/maps?q=23.547131,86.345815"
"88","CHANDANKIYARI","20130109301","UPG RAJKIYAKRIT M S CHIRDA","Primary with Upper Primary","4","4","23.467908","86.354382","https://www.google.com/maps?q=23.467908,86.354382"
"89","CHANDANKIYARI","20130109601","UPG RAJKIYAKRIT M S DAMUDIH","Primary with Upper Primary","4","4","23.519633","86.274003","https://www.google.com/maps?q=23.519633,86.274003"
"90","CHANDANKIYARI","20130102501","UPG RAJKIYAKRIT M S DEVGRAM","Primary with Upper Primary","4","4","23.667868","86.351676","https://www.google.com/maps?q=23.667868,86.351676"
"91","CHANDANKIYARI","20130100101","UPG RAJKIYAKRIT M S DEYULTAND","Primary with Upper Primary","4","4","23.546483","86.291601","https://www.google.com/maps?q=23.546483,86.291601"
"92","CHANDANKIYARI","20130107701","UPG RAJKIYAKRIT M S FUSRO","Primary with Upper Primary","4","4","23.431362","86.281546","https://www.google.com/maps?q=23.431362,86.281546"
"93","CHANDANKIYARI","20130105402","UPG RAJKIYAKRIT M S GAHIRA","Primary with Upper Primary","4","4","23.632817","86.381382","https://www.google.com/maps?q=23.632817,86.381382"
"94","CHANDANKIYARI","20130104301","UPG RAJKIYAKRIT M S GALGALTAND","Primary with Upper Primary","4","4","23.5906","86.371524","https://www.google.com/maps?q=23.5906,86.371524"
"95","CHANDANKIYARI","20130109802","UPG RAJKIYAKRIT M S GHAGHARGORA","Primary with Upper Primary","4","4","23.549281","86.373535","https://www.google.com/maps?q=23.549281,86.373535"
"96","CHANDANKIYARI","20130111801","UPG RAJKIYAKRIT M S GOSAIDIH","Primary with Upper Primary","4","4","23.50289","86.254767","https://www.google.com/maps?q=23.50289,86.254767"
"97","CHANDANKIYARI","20130104901","UPG RAJKIYAKRIT M S GOURIGRAM","Primary with Upper Primary","4","4","23.651757","86.42324","https://www.google.com/maps?q=23.651757,86.42324"
"98","CHANDANKIYARI","20130101901","UPG RAJKIYAKRIT M S GUNDLIBHITHA","Primary with Upper Primary","4","4","23.641834","86.409612","https://www.google.com/maps?q=23.641834,86.409612"
"99","JARIDIH","20130702301","RAJKIYAKRIT P S ARALDIH","Primary","4","4","23.620645","86.009258","https://www.google.com/maps?q=23.620645,86.009258"
"100","JARIDIH","20130701102","RAJKIYAKRIT P S BALIDIH","Primary","4","4","23.669638","86.047545","https://www.google.com/maps?q=23.669638,86.047545"
"101","JARIDIH","20130700302","RAJKIYAKRIT P S BALRAMPUR","Primary","4","4","23.579717","86.033938","https://www.google.com/maps?q=23.579717,86.033938"
"102","JARIDIH","20130701804","RAJKIYAKRIT P S BALUDIH","Primary","4","4","23.644938","85.967859","https://www.google.com/maps?q=23.644938,85.967859"
"103","JARIDIH","20130701902","RAJKIYAKRIT P S BARU (URDU)","Primary","4","4","23.669389","85.949861","https://www.google.com/maps?q=23.669389,85.949861"
"104","JARIDIH","20130702107","RAJKIYAKRIT P S BIRSARAM","Primary","4","4","23.604602","86.002917","https://www.google.com/maps?q=23.604602,86.002917"
"105","JARIDIH","20130701301","RAJKIYAKRIT P S CHILGADA","Primary","4","4","23.564635","86.007107","https://www.google.com/maps?q=23.564635,86.007107"
"106","JARIDIH","20130701402","RAJKIYAKRIT P S GOPINATHPUR","Primary","4","4","23.62717","86.025542","https://www.google.com/maps?q=23.62717,86.025542"
"107","JARIDIH","20130700601","RAJKIYAKRIT P S HARDIHARIDIH (D-2018)","Primary","4","4","23.519455","86.005299","https://www.google.com/maps?q=23.519455,86.005299"
"108","JARIDIH","20130703901","RAJKIYAKRIT P S LIPU","Primary","4","4","23.499521","85.948262","https://www.google.com/maps?q=23.499521,85.948262"
"109","JARIDIH","20130700101","RAJKIYAKRIT P S RORIYA","Primary","4","4","23.4888","85.938127","https://www.google.com/maps?q=23.4888,85.938127"
"110","JARIDIH","20130703501","RAJKIYAKRIT P S SUNDRO","Primary","4","4","23.543507","85.996273","https://www.google.com/maps?q=23.543507,85.996273"
"111","JARIDIH","20130700403","RAJKIYAKRIT P S TUPKADIH (URDU)","Primary","4","4","23.719893","86.055645","https://www.google.com/maps?q=23.719893,86.055645"
"112","JARIDIH","20130701403","SSA NPS BHANDARGODA","Primary","4","4","23.620774","86.025653","https://www.google.com/maps?q=23.620774,86.025653"
"113","JARIDIH","20130701003","SSA NPS BHUTKATAND","Primary","4","4","23.530875","86.012495","https://www.google.com/maps?q=23.530875,86.012495"
"114","JARIDIH","20130703006","SSA NPS GADGAD KOCHA","Primary","4","4","23.493023","85.977366","https://www.google.com/maps?q=23.493023,85.977366"
"115","JARIDIH","20130703203","SSA NPS PURNAPANI","Primary","4","4","23.493184","86.009402","https://www.google.com/maps?q=23.493184,86.009402"
"116","JARIDIH","20130703602","UPG P S ARATAND","Primary","4","4","23.491959","86.028351","https://www.google.com/maps?q=23.491959,86.028351"
"117","PETARWAR","20131100203","RAJKIYAKRIT M S ANGWALI","Primary with Upper Primary","4","4","23.735162","85.992216","https://www.google.com/maps?q=23.735162,85.992216"
"118","PETARWAR","20131103302","RAJKIYAKRIT M S KHETKO","Primary with Upper Primary","4","4","23.749823","85.911884","https://www.google.com/maps?q=23.749823,85.911884"
"119","PETARWAR","20131102001","RAJKIYAKRIT M S MIRJAPUR","Primary with Upper Primary","4","4","23.706354","85.79658","https://www.google.com/maps?q=23.706354,85.79658"
"120","PETARWAR","20131103401","RAJKIYAKRIT M S PETARWAR","Primary with Upper Primary","4","4","23.614957","85.849486","https://www.google.com/maps?q=23.614957,85.849486"
"121","PETARWAR","20131103402","RAJKIYAKRIT M S PETARWAR (BALIKA)","Primary with Upper Primary","4","4","23.614431","85.849162","https://www.google.com/maps?q=23.614431,85.849162"
"122","PETARWAR","20131100301","RAJKIYAKRIT M S PICHHARI","Primary with Upper Primary","4","4","23.750934","86.029787","https://www.google.com/maps?q=23.750934,86.029787"
"123","PETARWAR","20131103201","RAJKIYAKRIT M S TENUGHAT","Primary with Upper Primary","4","4","23.725683","85.84146","https://www.google.com/maps?q=23.725683,85.84146"
"124","PETARWAR","20131106602","UPG M S CHAMPI BICH TOLA","Primary with Upper Primary","4","4","23.733602","85.88168","https://www.google.com/maps?q=23.733602,85.88168"
"125","PETARWAR","20131105402","UPG M S MERU DARU KHAS","Primary with Upper Primary","4","4","23.67021","85.783439","https://www.google.com/maps?q=23.67021,85.783439"
"126","PETARWAR","20131103304","UPG M S MUSLIM NICHETOLA KHETKO","Primary with Upper Primary","4","4","23.757326","85.91594","https://www.google.com/maps?q=23.757326,85.91594"
"127","PETARWAR","20131100201","UPG RAJKIYAKRIT M S ANGWALI KANYA","Primary with Upper Primary","4","4","23.733437","85.988202","https://www.google.com/maps?q=23.733437,85.988202"
"128","PETARWAR","20131102201","UPG RAJKIYAKRIT M S ARJUWA","Primary with Upper Primary","4","4","23.674857","85.803659","https://www.google.com/maps?q=23.674857,85.803659"
"129","PETARWAR","20131106001","UPG RAJKIYAKRIT M S BARA KENDUWA","Primary with Upper Primary","4","4","23.697181","85.995585","https://www.google.com/maps?q=23.697181,85.995585"
"130","PETARWAR","20131103901","UPG RAJKIYAKRIT M S BARSONGHA","Primary with Upper Primary","4","4","23.65183","85.866307","https://www.google.com/maps?q=23.65183,85.866307"
"131","PETARWAR","20131101701","UPG RAJKIYAKRIT M S BASARIYA","Primary with Upper Primary","4","4","23.723833","85.929358","https://www.google.com/maps?q=23.723833,85.929358"
"132","PETARWAR","20131101101","UPG RAJKIYAKRIT M S BEHARA GORA","Primary with Upper Primary","4","4","23.71613","85.99707","https://www.google.com/maps?q=23.71613,85.99707"
"133","PETARWAR","20131107701","UPG RAJKIYAKRIT M S BHULANKHETKO","Primary with Upper Primary","4","4","23.749826","85.911841","https://www.google.com/maps?q=23.749826,85.911841"
"134","PETARWAR","20131108301","UPG RAJKIYAKRIT M S BUDHAN GODA","Primary with Upper Primary","4","4","23.622725","85.801349","https://www.google.com/maps?q=23.622725,85.801349"
"135","PETARWAR","20131106401","UPG RAJKIYAKRIT M S CHARGI","Primary with Upper Primary","4","4","23.601576","85.822564","https://www.google.com/maps?q=23.601576,85.822564"
"136","PETARWAR","20131106801","UPG RAJKIYAKRIT M S CHATUGARHA","Primary with Upper Primary","4","4","23.695276","85.900853","https://www.google.com/maps?q=23.695276,85.900853"
"137","PETARWAR","20131102901","UPG RAJKIYAKRIT M S CHHAPARGARHA","Primary with Upper Primary","4","4","23.691653","85.959269","https://www.google.com/maps?q=23.691653,85.959269"
"138","PETARWAR","20131105501","UPG RAJKIYAKRIT M S CHIPUDAAG","Primary with Upper Primary","4","4","23.672104","85.850323","https://www.google.com/maps?q=23.672104,85.850323"
"139","PETARWAR","20131105701","UPG RAJKIYAKRIT M S DAHUWA","Primary with Upper Primary","4","4","23.685742","85.964708","https://www.google.com/maps?q=23.685742,85.964708"
"140","PETARWAR","20131103001","UPG RAJKIYAKRIT M S DARID","Primary with Upper Primary","4","4","23.646234","85.88065","https://www.google.com/maps?q=23.646234,85.88065"
"141","PETARWAR","20131105001","UPG RAJKIYAKRIT M S GABHARMOCHRO","Primary with Upper Primary","4","4","23.66308","85.775872","https://www.google.com/maps?q=23.66308,85.775872"
"142","PETARWAR","20131102101","UPG RAJKIYAKRIT M S GOPALPUR","Primary with Upper Primary","4","4","23.620648","85.872053","https://www.google.com/maps?q=23.620648,85.872053"
"143","PETARWAR","20131106701","UPG RAJKIYAKRIT M S JAMUNIYA TAND","Primary with Upper Primary","4","4","23.742633","85.869536","https://www.google.com/maps?q=23.742633,85.869536"
"144","PETARWAR","20131102702","UPG RAJKIYAKRIT M S JARUWATAND MAKTAB","Primary with Upper Primary","4","4","23.62113","85.85801","https://www.google.com/maps?q=23.62113,85.85801"
"145","PETARWAR","20131106201","UPG RAJKIYAKRIT M S JHIRKE","Primary with Upper Primary","4","4","23.659054","85.852437","https://www.google.com/maps?q=23.659054,85.852437"
"146","PETARWAR","20131101601","UPG RAJKIYAKRIT M S KANIDIH","Primary with Upper Primary","4","4","23.733246","85.928751","https://www.google.com/maps?q=23.733246,85.928751"
"147","PETARWAR","20131100801","UPG RAJKIYAKRIT M S KARANDIH","Primary with Upper Primary","4","4","23.73368","85.955658","https://www.google.com/maps?q=23.73368,85.955658"
"148","PETARWAR","20131101901","UPG RAJKIYAKRIT M S KOH","Primary with Upper Primary","4","4","23.64634","85.799457","https://www.google.com/maps?q=23.64634,85.799457"
"149","PETARWAR","20131104001","UPG RAJKIYAKRIT M S MAYAPUR","Primary with Upper Primary","4","4","23.682464","85.887202","https://www.google.com/maps?q=23.682464,85.887202"
"150","PETARWAR","20131105401","UPG RAJKIYAKRIT M S MERU DARU","Primary with Upper Primary","4","4","23.674239","85.767295","https://www.google.com/maps?q=23.674239,85.767295"
"151","PETARWAR","20131104301","UPG RAJKIYAKRIT M S OSAM","Primary with Upper Primary","4","4","23.673677","85.878379","https://www.google.com/maps?q=23.673677,85.878379"
"152","PETARWAR","20131105302","UPG RAJKIYAKRIT M S PRAKHAND COLONY","Primary with Upper Primary","4","4","23.640427","85.857604","https://www.google.com/maps?q=23.640427,85.857604"
"153","PETARWAR","20131103801","UPG RAJKIYAKRIT M S ROHAR","Primary with Upper Primary","4","4","23.695564","85.91776","https://www.google.com/maps?q=23.695564,85.91776"
"154","PETARWAR","20131100701","UPG RAJKIYAKRIT M S RUKAM","Primary with Upper Primary","4","4","23.58371","85.853103","https://www.google.com/maps?q=23.58371,85.853103"
"155","PETARWAR","20131105301","UPG RAJKIYAKRIT M S SADMA KALA","Primary with Upper Primary","4","4","23.630514","85.861188","https://www.google.com/maps?q=23.630514,85.861188"
"156","PETARWAR","20131105901","UPG RAJKIYAKRIT M S TAKAHA","Primary with Upper Primary","4","4","23.631667","85.868466","https://www.google.com/maps?q=23.631667,85.868466"
"157","PETARWAR","20131101301","UPG RAJKIYAKRIT M S ULGADDA","Primary with Upper Primary","4","4","23.704488","85.857788","https://www.google.com/maps?q=23.704488,85.857788"
"158","PETARWAR","20131103405","UPG RAJKIYKRIT M S KHATRI TOLA","Primary with Upper Primary","4","4","23.610739","85.8528","https://www.google.com/maps?q=23.610739,85.8528"
"159","PETARWAR","20131105601","UPG RAJKIYKRIT M S LAWAGADHA","Primary with Upper Primary","4","4","23.679992","85.830061","https://www.google.com/maps?q=23.679992,85.830061"
"160","PETARWAR","20131100601","UPG RAJKIYAKRIT +2 HIGH SCHOOL CHANDO","Pr. with Up.Pr. sec. and H.Sec.","4","4","23.687646","85.938386","https://www.google.com/maps?q=23.687646,85.938386"
"161","PETARWAR","20131103601","UPG RAJKIYAKRIT +2 HIGH SCHOOL KATAMKULHI","Pr. with Up.Pr. sec. and H.Sec.","4","4","23.616747","85.852848","https://www.google.com/maps?q=23.616747,85.852848"
"162","PETARWAR","20131106501","UPG RAJKIYAKRIT +2 HIGH SCHOOL ORDANA","Pr. with Up.Pr. sec. and H.Sec.","4","4","23.653753","85.836226","https://www.google.com/maps?q=23.653753,85.836226"
"163","PETARWAR","20131101401","UPG RAJKIYAKRIT +2 HIGH SCHOOL RANGAMATI","Pr. with Up.Pr. sec. and H.Sec.","4","4","23.703077","85.807064","https://www.google.com/maps?q=23.703077,85.807064"
"164","PETARWAR","20131103214","KGBV PETARWAR","Up. Pr. Secondary and Higher Sec","4","4","23.61732","85.845771","https://www.google.com/maps?q=23.61732,85.845771"
"165","PETARWAR","20131102301","PM SHRI UPG RAJKIYAKRIT HIGH SCHOOL PATKI","Pr. Up Pr. and Secondary Only","4","4","23.694559","85.826869","https://www.google.com/maps?q=23.694559,85.826869"
"166","PETARWAR","20131101603","UPG RAJKIYAKRIT HIGH SCHOOL CHALKARI","Pr. Up Pr. and Secondary Only","4","4","23.75526","85.953352","https://www.google.com/maps?q=23.75526,85.953352"
"167","PETARWAR","20131106606","UPG RAJKIYAKRIT HIGH SCHOOL CHANPI","Pr. Up Pr. and Secondary Only","4","4","23.734519","85.879449","https://www.google.com/maps?q=23.734519,85.879449"
"168","PETARWAR","20131103701","RAJKIYAKRIT P S AMBADIH (D-2018)","Primary","4","4","23.637906","85.866427","https://www.google.com/maps?q=23.637906,85.866427"
"169","PETARWAR","20131100202","RAJKIYAKRIT P S ANGWALI (MAKTAB)","Primary","4","4","23.724628","85.983839","https://www.google.com/maps?q=23.724628,85.983839"
"170","PETARWAR","20131100502","RAJKIYAKRIT P S BAGJOBRA","Primary","4","4","23.706623","85.828654","https://www.google.com/maps?q=23.706623,85.828654"
"171","PETARWAR","20131101602","RAJKIYAKRIT PS CHALKARI","Primary","4","4","23.748755","85.946381","https://www.google.com/maps?q=23.748755,85.946381"
"172","PETARWAR","20131106601","RAJKIYAKRIT P S CHANPI (KANYA)","Primary","4","4","23.723064","85.87299","https://www.google.com/maps?q=23.723064,85.87299"
"173","PETARWAR","20131100901","RAJKIYAKRIT P S CHHAPPARDIH","Primary","4","4","23.743968","85.99697","https://www.google.com/maps?q=23.743968,85.99697"
"174","PETARWAR","20131104901","RAJKIYAKRIT P S GARRI","Primary","4","4","23.707233","85.934482","https://www.google.com/maps?q=23.707233,85.934482"
"175","PETARWAR","20131101501","RAJKIYAKRIT P S GHARWATAND (D-2018)","Primary","4","4","23.738079","85.86354","https://www.google.com/maps?q=23.738079,85.86354"
"176","PETARWAR","20131105201","RAJKIYAKRIT P S JEBRA","Primary","4","4","23.659868","85.843199","https://www.google.com/maps?q=23.659868,85.843199"
"177","PETARWAR","20131105101","RAJKIYAKRIT P S JHOPROTAND","Primary","4","4","23.733179","85.928766","https://www.google.com/maps?q=23.733179,85.928766"
"178","PETARWAR","20131102401","RAJKIYAKRIT P S JHUNJHKO","Primary","4","4","23.726481","85.943791","https://www.google.com/maps?q=23.726481,85.943791"
"179","PETARWAR","20131104501","RAJKIYAKRIT P S KARMACHOKI","Primary","4","4","23.685357","85.831589","https://www.google.com/maps?q=23.685357,85.831589"
"180","PETARWAR","20131103501","RAJKIYAKRIT P S KESHWARI","Primary","4","4","23.733291","85.891809","https://www.google.com/maps?q=23.733291,85.891809"
"181","PETARWAR","20131102802","RAJKIYAKRIT P S KHAIRAJARA","Primary","4","4","23.658549","85.816032","https://www.google.com/maps?q=23.658549,85.816032"
"182","PETARWAR","20131102501","RAJKIYAKRIT P S KHURD CHANDO","Primary","4","4","23.679371","85.928455","https://www.google.com/maps?q=23.679371,85.928455"
"183","PETARWAR","20131104801","RAJKIYAKRIT P S KOJRAM","Primary","4","4","23.630266","85.888825","https://www.google.com/maps?q=23.630266,85.888825"
"184","PETARWAR","20131104401","RAJKIYAKRIT P S MADAIGHOGHRA","Primary","4","4","23.708115","85.794965","https://www.google.com/maps?q=23.708115,85.794965"
"185","PETARWAR","20131105801","RAJKIYAKRIT P S NAWA DIH","Primary","4","4","23.688338","85.996918","https://www.google.com/maps?q=23.688338,85.996918"
"186","PETARWAR","20131104101","RAJKIYAKRIT P S OBARA","Primary","4","4","23.644486","85.831548","https://www.google.com/maps?q=23.644486,85.831548"
"187","PETARWAR","20131106303","SSA NPS BHELWATAND","Primary","4","4","23.687013","85.85355","https://www.google.com/maps?q=23.687013,85.85355"
"188","PETARWAR","20131106302","SSA NPS HAZARITAND","Primary","4","4","23.687332","85.86362","https://www.google.com/maps?q=23.687332,85.86362"
"189","PETARWAR","20131102306","SSA NPS MOTHATAND","Primary","4","4","23.699773","85.818988","https://www.google.com/maps?q=23.699773,85.818988"
"190","PETARWAR","20131101502","SSA NPS PIPRADIH GHARWATAND","Primary","4","4","23.735804","85.848651","https://www.google.com/maps?q=23.735804,85.848651"
"191","PETARWAR","20131106512","SSA NPS PIPRIYANG","Primary","4","4","23.639755","85.818832","https://www.google.com/maps?q=23.639755,85.818832"
"192","PETARWAR","20131107501","UPG P S ACHHAIYA","Primary","4","4","23.645654","85.859682","https://www.google.com/maps?q=23.645654,85.859682"
"193","PETARWAR","20131103306","UPG P S AMBAKOCHA","Primary","4","4","23.741646","85.908033","https://www.google.com/maps?q=23.741646,85.908033"
"194","PETARWAR","20131102205","UPG P S AMTAND","Primary","4","4","23.664131","85.826992","https://www.google.com/maps?q=23.664131,85.826992"
"195","PETARWAR","20131107601","UPG P S ARARI","Primary","4","4","23.596919","85.842666","https://www.google.com/maps?q=23.596919,85.842666"
"196","PETARWAR","20131102402","UPG P S BADKITAND","Primary","4","4","23.71576","85.95298","https://www.google.com/maps?q=23.71576,85.95298"
"197","NAWADIH","20130600401","RAJKIYAKRIT M S ARGAMO","Primary with Upper Primary","4","4","23.875779","86.01502","https://www.google.com/maps?q=23.875779,86.01502"
"198","NAWADIH","20130600102","RAJKIYAKRIT M S BHENDRA","Primary with Upper Primary","4","4","23.875091","86.099157","https://www.google.com/maps?q=23.875091,86.099157"
"199","NAWADIH","20130602301","RAJKIYAKRIT M S CHIRUDIH","Primary with Upper Primary","4","4","23.846002","86.048922","https://www.google.com/maps?q=23.846002,86.048922"
"200","NAWADIH","20130604601","RAJKIYAKRIT M S DAHIYARI","Primary with Upper Primary","4","4","23.858873","86.116244","https://www.google.com/maps?q=23.858873,86.116244"
"201","NAWADIH","20130600301","RAJKIYAKRIT M S DEGAGARA","Primary with Upper Primary","4","4","23.835852","85.929154","https://www.google.com/maps?q=23.835852,85.929154"
"202","NAWADIH","20130604701","RAJKIYAKRIT M S NARAYAN PUR","Primary with Upper Primary","4","4","23.860618","85.929086","https://www.google.com/maps?q=23.860618,85.929086"
"203","NAWADIH","20130605303","RAJKIYAKRIT M S NAWADIH","Primary with Upper Primary","4","4","23.854054","86.040842","https://www.google.com/maps?q=23.854054,86.040842"
"204","NAWADIH","20130600201","RAJKIYAKRIT M S SAHARIYA","Primary with Upper Primary","4","4","23.883575","86.075329","https://www.google.com/maps?q=23.883575,86.075329"
"205","NAWADIH","20130606403","UPG M S AMBACHUA","Primary with Upper Primary","4","4","23.882021","85.879814","https://www.google.com/maps?q=23.882021,85.879814"
"206","NAWADIH","20130609401","UPG M S BELARGARA","Primary with Upper Primary","4","4","23.848967","85.964014","https://www.google.com/maps?q=23.848967,85.964014"
"207","NAWADIH","20130606404","UPG M S KADRUKHUTA","Primary with Upper Primary","4","4","23.922216","85.881448","https://www.google.com/maps?q=23.922216,85.881448"
"208","NAWADIH","20130602304","UPG M S MANGARDAHA","Primary with Upper Primary","4","4","23.85293","86.053056","https://www.google.com/maps?q=23.85293,86.053056"
"209","NAWADIH","20130606210","UPG M S PARSABERA","Primary with Upper Primary","4","4","23.844096","85.957756","https://www.google.com/maps?q=23.844096,85.957756"
"210","NAWADIH","20130601201","UPG RAJKIYAKRIT M S AHARDIH","Primary with Upper Primary","4","4","23.902454","86.056044","https://www.google.com/maps?q=23.902454,86.056044"
"211","NAWADIH","20130602201","UPG RAJKIYAKRIT M S BANSHI","Primary with Upper Primary","4","4","23.874918","85.96753","https://www.google.com/maps?q=23.874918,85.96753"
"212","NAWADIH","20130600801","UPG RAJKIYAKRIT M S BARADIH","Primary with Upper Primary","4","4","23.86398","86.103804","https://www.google.com/maps?q=23.86398,86.103804"
"213","NAWADIH","20130606001","UPG RAJKIYAKRIT M S BARAI","Primary with Upper Primary","4","4","23.861523","85.976009","https://www.google.com/maps?q=23.861523,85.976009"
"214","NAWADIH","20130602701","UPG RAJKIYAKRIT M S BHALMARA","Primary with Upper Primary","4","4","23.826477","86.035518","https://www.google.com/maps?q=23.826477,86.035518"
"215","NAWADIH","20130601001","UPG RAJKIYAKRIT M S BHAWANI","Primary with Upper Primary","4","4","23.902083","86.005746","https://www.google.com/maps?q=23.902083,86.005746"
"216","NAWADIH","20130600901","UPG RAJKIYAKRIT M S BODRO","Primary with Upper Primary","4","4","23.864392","86.093791","https://www.google.com/maps?q=23.864392,86.093791"
"217","NAWADIH","20130601101","UPG RAJKIYAKRIT M S BUDGADA","Primary with Upper Primary","4","4","23.838825","85.863607","https://www.google.com/maps?q=23.838825,85.863607"
"218","NAWADIH","20130603301","UPG RAJKIYAKRIT M S CHAPRI","Primary with Upper Primary","4","4","23.801883","86.01545","https://www.google.com/maps?q=23.801883,86.01545"
"219","NAWADIH","20130601901","UPG RAJKIYAKRIT M S CHOTKIKURI","Primary with Upper Primary","4","4","23.821897","85.93091","https://www.google.com/maps?q=23.821897,85.93091"
"220","NAWADIH","20130603601","UPG RAJKIYAKRIT M S DHAMNI","Primary with Upper Primary","4","4","23.838797","86.12227","https://www.google.com/maps?q=23.838797,86.12227"
"221","NAWADIH","20130605001","UPG RAJKIYAKRIT M S GOBARGARA","Primary with Upper Primary","4","4","23.835454","86.0604","https://www.google.com/maps?q=23.835454,86.0604"
"222","NAWADIH","20130601701","UPG RAJKIYAKRIT M S HARLADIH","Primary with Upper Primary","4","4","23.856409","85.940636","https://www.google.com/maps?q=23.856409,85.940636"
"223","NAWADIH","20130604201","UPG RAJKIYAKRIT M S JUNODIH","Primary with Upper Primary","4","4","23.87095","86.041389","https://www.google.com/maps?q=23.87095,86.041389"
"224","NAWADIH","20130601801","UPG RAJKIYAKRIT M S KACHHO","Primary with Upper Primary","4","4","23.834567","85.871243","https://www.google.com/maps?q=23.834567,85.871243"
"225","NAWADIH","20130602101","UPG RAJKIYAKRIT M S KHARPITO","Primary with Upper Primary","4","4","23.875134","86.019321","https://www.google.com/maps?q=23.875134,86.019321"
"226","NAWADIH","20130606701","UPG RAJKIYAKRIT M S KOTHI","Primary with Upper Primary","4","4","23.915678","85.915994","https://www.google.com/maps?q=23.915678,85.915994"
"227","NAWADIH","20130605801","UPG RAJKIYAKRIT M S LAHIA","Primary with Upper Primary","4","4","23.865958","85.94141","https://www.google.com/maps?q=23.865958,85.94141"
"228","NAWADIH","20130603801","UPG RAJKIYAKRIT M S LEMBODIH","Primary with Upper Primary","4","4","23.836574","86.051074","https://www.google.com/maps?q=23.836574,86.051074"
"229","NAWADIH","20130604801","UPG RAJKIYAKRIT M S MAKTAB SURHI","Primary with Upper Primary","4","4","23.891543","86.047564","https://www.google.com/maps?q=23.891543,86.047564"
"230","NAWADIH","20130604001","UPG RAJKIYAKRIT M S MANJHLITAND","Primary with Upper Primary","4","4","23.825726","86.051489","https://www.google.com/maps?q=23.825726,86.051489"
"231","NAWADIH","20130601401","UPG RAJKIYAKRIT M S PARASBANI","Primary with Upper Primary","4","4","23.841258","86.107505","https://www.google.com/maps?q=23.841258,86.107505"
"232","NAWADIH","20130605501","UPG RAJKIYAKRIT M S PARSA BEDA","Primary with Upper Primary","4","4","23.866685","85.887471","https://www.google.com/maps?q=23.866685,85.887471"
"233","NAWADIH","20130602601","UPG RAJKIYAKRIT M S PILPILO","Primary with Upper Primary","4","4","23.817391","85.907165","https://www.google.com/maps?q=23.817391,85.907165"
"234","NAWADIH","20130603401","UPG RAJKIYAKRIT M S POTSO","Primary with Upper Primary","4","4","23.898582","86.024295","https://www.google.com/maps?q=23.898582,86.024295"
"235","NAWADIH","20130605201","UPG RAJKIYAKRIT +2 HIGH SCHOOL GUNJARDIH","Pr. with Up.Pr. sec. and H.Sec.","4","4","23.790116","86.060045","https://www.google.com/maps?q=23.790116,86.060045"
"236","NAWADIH","20130606201","UPG RAJKIYAKRIT +2 HIGH SCHOOL PALAMU","Pr. with Up.Pr. sec. and H.Sec.","4","4","23.833507","85.959853","https://www.google.com/maps?q=23.833507,85.959853"
"237","NAWADIH","20130606401","UPG RAJKIYAKRIT +2 HIGH SCHOOL PENK","Pr. with Up.Pr. sec. and H.Sec.","4","4","23.902262","85.891775","https://www.google.com/maps?q=23.902262,85.891775"
"238","NAWADIH","20130605307","KGBV NAWADIH","Up. Pr. Secondary and Higher Sec","4","4","23.857551","86.038645","https://www.google.com/maps?q=23.857551,86.038645"
"239","NAWADIH","20130609904","PM SHRI UPG RAJKIYAKRIT HIGH SCHOOL BIRNI","Pr. Up Pr. and Secondary Only","4","4","23.811694","86.06375","https://www.google.com/maps?q=23.811694,86.06375"
"240","NAWADIH","20130605901","RAJKIYAKRIT GOVT. SECONDARY SCHOOL BARIDIH","Pr. Up Pr. and Secondary Only","4","4","23.847257","85.992949","https://www.google.com/maps?q=23.847257,85.992949"
"241","NAWADIH","20130605601","RAJKIYAKRIT GOVT. SECONDARY SCHOOL KANJKIRO","Pr. Up Pr. and Secondary Only","4","4","23.828736","85.884669","https://www.google.com/maps?q=23.828736,85.884669"
"242","NAWADIH","20130601301","RAJKIYAKRIT GOVT. SECONDARY SCHOOL MUNGORANGAMATI","Pr. Up Pr. and Secondary Only","4","4","23.938392","85.913183","https://www.google.com/maps?q=23.938392,85.913183"
"243","NAWADIH","20130602801","RAJKIYAKRIT GOVT. SECONDARY SCHOOL PIPRADIH","Pr. Up Pr. and Secondary Only","4","4","23.848635","85.91901","https://www.google.com/maps?q=23.848635,85.91901"
"244","NAWADIH","20130605701","UPG RAJKIYAKRIT HIGH SCHOOL GONIYATO","Pr. Up Pr. and Secondary Only","4","4","23.851285","85.889296","https://www.google.com/maps?q=23.851285,85.889296"
"245","NAWADIH","20130606601","UPG RAJKIYAKRIT HIGH SCHOOL POKHARIYA","Pr. Up Pr. and Secondary Only","4","4","23.906925","85.935607","https://www.google.com/maps?q=23.906925,85.935607"
"246","NAWADIH","20130604802","UPG RAJKIYAKRIT HIGH SCHOOL SURHI","Pr. Up Pr. and Secondary Only","4","4","23.886161","86.033472","https://www.google.com/maps?q=23.886161,86.033472"
"247","NAWADIH","20130606801","RAJKIYAKRIT P S ASNATAND","Primary","4","4","23.824476","86.013441","https://www.google.com/maps?q=23.824476,86.013441"
"248","NAWADIH","20130606101","RAJKIYAKRIT P S BADKI KUDI","Primary","4","4","23.810518","85.965833","https://www.google.com/maps?q=23.810518,85.965833"
"249","NAWADIH","20130605302","RAJKIYAKRIT P S BARWADIH-1","Primary","4","4","23.859171","86.037957","https://www.google.com/maps?q=23.859171,86.037957"
"250","NAWADIH","20130604003","RAJKIYAKRIT P S BARWADIH-2","Primary","4","4","23.824164","86.036264","https://www.google.com/maps?q=23.824164,86.036264"
"251","NAWADIH","20130600101","RAJKIYAKRIT P S BHENDRA (KANYA)","Primary","4","4","23.877443","86.099035","https://www.google.com/maps?q=23.877443,86.099035"
"252","NAWADIH","20130604602","RAJKIYAKRIT P S DAHIYARI MAKTAB","Primary","4","4","23.854644","86.124481","https://www.google.com/maps?q=23.854644,86.124481"
"253","NAWADIH","20130601602","RAJKIYAKRIT P S DHADHAKIBERA","Primary","4","4","23.812659","86.004373","https://www.google.com/maps?q=23.812659,86.004373"
"254","NAWADIH","20130606501","RAJKIYAKRIT P S KATGHARA","Primary","4","4","23.83688","86.043864","https://www.google.com/maps?q=23.83688,86.043864"
"255","NAWADIH","20130604901","RAJKIYAKRIT P S KHUNTA","Primary","4","4","23.889741","86.014877","https://www.google.com/maps?q=23.889741,86.014877"
"256","NAWADIH","20130604301","RAJKIYAKRIT P S KIMOJORIYA","Primary","4","4","23.839574","86.065884","https://www.google.com/maps?q=23.839574,86.065884"
"257","KASMAR","20131201602","RAJKIYAKRIT P S AJAIYATOLA","Primary","4","4","23.547711","85.928717","https://www.google.com/maps?q=23.547711,85.928717"
"258","KASMAR","20131205501","RAJKIYAKRIT P S BAGIYARI (URDU)","Primary","4","4","23.560741","85.939697","https://www.google.com/maps?q=23.560741,85.939697"
"259","KASMAR","20131202101","RAJKIYAKRIT P S BASARIYA (D-2018)","Primary","4","4","23.534238","85.935414","https://www.google.com/maps?q=23.534238,85.935414"
"260","KASMAR","20131204801","RAJKIYAKRIT P S BHAWANIPUR (D-2018)","Primary","4","4","23.547805","85.900318","https://www.google.com/maps?q=23.547805,85.900318"
"261","KASMAR","20131205301","RAJKIYAKRIT P S BHURSATAND","Primary","4","4","23.495557","85.896016","https://www.google.com/maps?q=23.495557,85.896016"
"262","KASMAR","20131204101","RAJKIYAKRIT P S CHAINPUR (D-2018)","Primary","4","4","23.581155","85.876179","https://www.google.com/maps?q=23.581155,85.876179"
"263","KASMAR","20131204701","RAJKIYAKRIT P S CHOURA - 1 (D-2018)","Primary","4","4","23.49987","85.888721","https://www.google.com/maps?q=23.49987,85.888721"
"264","KASMAR","20131206301","RAJKIYAKRIT P S KARKATTA KHURD","Primary","4","4","23.598136","85.876159","https://www.google.com/maps?q=23.598136,85.876159"
"265","KASMAR","20131200701","RAJKIYAKRIT P S KASMAR 1","Primary","4","4","23.599336","85.93772","https://www.google.com/maps?q=23.599336,85.93772"
"266","KASMAR","20131206001","RAJKIYAKRIT P S KHUDIBERA","Primary","4","4","23.521314","85.920857","https://www.google.com/maps?q=23.521314,85.920857"
"267","KASMAR","20131203801","RAJKIYAKRIT P S KOTOGADA (D-2018)","Primary","4","4","23.502456","85.924713","https://www.google.com/maps?q=23.502456,85.924713"
"268","KASMAR","20131206101","RAJKIYAKRIT P S LODHKIYARI","Primary","4","4","23.549322","85.886807","https://www.google.com/maps?q=23.549322,85.886807"
"269","KASMAR","20131203601","RAJKIYAKRIT P S MOCHRO","Primary","4","4","23.627426","85.94849","https://www.google.com/maps?q=23.627426,85.94849"
"270","KASMAR","20131203901","RAJKIYAKRIT P S PADI (D-2018)","Primary","4","4","23.492621","85.920101","https://www.google.com/maps?q=23.492621,85.920101"
"271","KASMAR","20131208201","RAJKIYAKRIT P S PIPRADIH","Primary","4","4","23.645077","85.908858","https://www.google.com/maps?q=23.645077,85.908858"
"272","KASMAR","20131202301","RAJKIYAKRIT P S PIRGUL (D-2018)","Primary","4","4","23.506991","85.911507","https://www.google.com/maps?q=23.506991,85.911507"
"273","KASMAR","20131205401","RAJKIYAKRIT P S SINGH PUR","Primary","4","4","23.532259","85.92787","https://www.google.com/maps?q=23.532259,85.92787"
"274","KASMAR","20131203502","SSA NPS CHURINGADHA","Primary","4","4","23.596679","85.956128","https://www.google.com/maps?q=23.596679,85.956128"
"275","KASMAR","20131205605","UPG P S AWRATAND","Primary","4","4","23.643839","85.905146","https://www.google.com/maps?q=23.643839,85.905146"
"276","KASMAR","20131207801","UPG P S BADDIH","Primary","4","4","23.531238","85.899233","https://www.google.com/maps?q=23.531238,85.899233"
"277","KASMAR","20131201104","UPG P S BAJARTAND (MADHUKARPUR)","Primary","4","4","23.588163","85.905747","https://www.google.com/maps?q=23.588163,85.905747"
"278","KASMAR","20131203205","UPG P S BALABAHIYAR","Primary","4","4","23.559232","85.90868","https://www.google.com/maps?q=23.559232,85.90868"
"279","KASMAR","20131202002","UPG P S BANGAJRA","Primary","4","4","23.647149","85.914645","https://www.google.com/maps?q=23.647149,85.914645"
"280","KASMAR","20131203503","UPG P S BANKANARI","Primary","4","4","23.606671","85.956188","https://www.google.com/maps?q=23.606671,85.956188"
"281","KASMAR","20131200804","UPG P S BARWADIH","Primary","4","4","23.565438","85.921958","https://www.google.com/maps?q=23.565438,85.921958"
"282","KASMAR","20131201302","UPG P S BENGAHARA","Primary","4","4","23.586449","85.886375","https://www.google.com/maps?q=23.586449,85.886375"
"283","KASMAR","20131207304","UPG P S BHANDARDIH","Primary","4","4","23.512098","85.936131","https://www.google.com/maps?q=23.512098,85.936131"
"284","KASMAR","20131205503","UPG P S BHELWATAND","Primary","4","4","23.553711","85.951905","https://www.google.com/maps?q=23.553711,85.951905"
"285","KASMAR","20131206901","UPG P S BRAHMANDIH","Primary","4","4","23.60123","85.88596","https://www.google.com/maps?q=23.60123,85.88596"
"286","KASMAR","20131206103","UPG P S DAMRUGORA","Primary","4","4","23.544766","85.902826","https://www.google.com/maps?q=23.544766,85.902826"
"287","KASMAR","20131201102","UPG P S DHUMDHUMITAND","Primary","4","4","23.580749","85.887973","https://www.google.com/maps?q=23.580749,85.887973"
"288","KASMAR","20131201402","UPG P S DOMTOLA (KHAIRACHATAR)","Primary","4","4","23.542213","85.929667","https://www.google.com/maps?q=23.542213,85.929667"
"289","KASMAR","20131204702","UPG P S DUMARDIH","Primary","4","4","23.518027","85.881805","https://www.google.com/maps?q=23.518027,85.881805"
"290","KASMAR","20131203802","UPG P S GATIGARA","Primary","4","4","23.503829","85.922431","https://www.google.com/maps?q=23.503829,85.922431"
"291","KASMAR","20131201506","UPG P S GHANSITOLA (DANTOO)","Primary","4","4","23.648479","85.905912","https://www.google.com/maps?q=23.648479,85.905912"
"292","KASMAR","20131205604","UPG P S HALUMA","Primary","4","4","23.634292","85.902954","https://www.google.com/maps?q=23.634292,85.902954"
"293","KASMAR","20131205502","UPG P S HARIJANTOLA (BAGIYARI)","Primary","4","4","23.563791","85.941657","https://www.google.com/maps?q=23.563791,85.941657"
"294","KASMAR","20131206809","UPG P S HARIJANTOLA TANGTONA","Primary","4","4","23.548276","85.948527","https://www.google.com/maps?q=23.548276,85.948527"
"295","NAWADIH","20130605101","RAJKIYAKRIT P S KOKLODIH","Primary","4","4","23.878162","86.040115","https://www.google.com/maps?q=23.878162,86.040115"
"296","NAWADIH","20130608201","RAJKIYAKRIT P S MANPUR","Primary","4","4","23.813513","86.080095","https://www.google.com/maps?q=23.813513,86.080095"
"297","NAWADIH","20130605401","RAJKIYAKRIT P S NAWADIH KALA","Primary","4","4","23.921657","85.920434","https://www.google.com/maps?q=23.921657,85.920434"
"298","NAWADIH","20130605301","RAJKIYAKRIT P S NAWADIH (KANYA)","Primary","4","4","23.851462","86.041692","https://www.google.com/maps?q=23.851462,86.041692"
"299","NAWADIH","20130600701","RAJKIYAKRIT P S TARATAND","Primary","4","4","23.851623","86.028004","https://www.google.com/maps?q=23.851623,86.028004"
"300","NAWADIH","20130601902","SSA NPS ADIWASITOLA","Primary","4","4","23.814053","85.924837","https://www.google.com/maps?q=23.814053,85.924837"
"301","NAWADIH","20130606007","SSA NPS ASNATAND","Primary","4","4","23.869168","85.973895","https://www.google.com/maps?q=23.869168,85.973895"
"302","NAWADIH","20130603404","SSA NPS BANDHTAND","Primary","4","4","23.902524","86.015099","https://www.google.com/maps?q=23.902524,86.015099"
"303","NAWADIH","20130602305","SSA NPS BANDHTAND","Primary","4","4","23.857852","86.058487","https://www.google.com/maps?q=23.857852,86.058487"
"304","NAWADIH","20130606609","SSA NPS BHEDKHUTWA","Primary","4","4","23.900326","85.929148","https://www.google.com/maps?q=23.900326,85.929148"
"305","NAWADIH","20130604704","SSA NPS BORATAND","Primary","4","4","23.868261","85.923143","https://www.google.com/maps?q=23.868261,85.923143"
"306","NAWADIH","20130606409","SSA NPS BUDHIBAGI","Primary","4","4","23.88387","85.897466","https://www.google.com/maps?q=23.88387,85.897466"
"307","NAWADIH","20130601306","SSA NPS DAHIYA","Primary","4","4","23.933179","85.882761","https://www.google.com/maps?q=23.933179,85.882761"
"308","NAWADIH","20130606206","SSA NPS DARJI MUHALLA","Primary","4","4","23.840521","85.946512","https://www.google.com/maps?q=23.840521,85.946512"
"309","NAWADIH","20130601305","SSA NPS GAMHARIYATAND","Primary","4","4","23.925381","85.903756","https://www.google.com/maps?q=23.925381,85.903756"
"310","NAWADIH","20130606102","SSA NPS GHATWARTOLA","Primary","4","4","23.810738","85.971369","https://www.google.com/maps?q=23.810738,85.971369"
"311","NAWADIH","20130605802","SSA NPS GHATWARTOLA","Primary","4","4","23.876761","85.945083","https://www.google.com/maps?q=23.876761,85.945083"
"312","NAWADIH","20130605310","SSA NPS GORIARITAND","Primary","4","4","23.843967","86.037055","https://www.google.com/maps?q=23.843967,86.037055"
"313","NAWADIH","20130600703","SSA NPS HURSODIH","Primary","4","4","23.851539","86.022269","https://www.google.com/maps?q=23.851539,86.022269"
"314","NAWADIH","20130602804","SSA NPS LEDHWAKEND","Primary","4","4","23.905788","85.928098","https://www.google.com/maps?q=23.905788,85.928098"
"315","NAWADIH","20130606006","SSA NPS MAHBICHHWA","Primary","4","4","23.85315","85.971289","https://www.google.com/maps?q=23.85315,85.971289"
"316","NAWADIH","20130605206","SSA NPS MAHTOTOLA","Primary","4","4","23.783096","86.057201","https://www.google.com/maps?q=23.783096,86.057201"
"317","NAWADIH","20130600302","SSA NPS MANJHITOLA","Primary","4","4","23.829468","85.932523","https://www.google.com/maps?q=23.829468,85.932523"
"318","NAWADIH","20130606410","SSA NPS MIYANTOLA","Primary","4","4","23.890739","85.889297","https://www.google.com/maps?q=23.890739,85.889297"
"319","NAWADIH","20130601404","SSA NPS PAINBAD","Primary","4","4","23.836316","86.103485","https://www.google.com/maps?q=23.836316,86.103485"
"320","NAWADIH","20130604403","SSA NPS PARSATAND","Primary","4","4","23.830807","86.033439","https://www.google.com/maps?q=23.830807,86.033439"
"321","NAWADIH","20130602105","SSA NPS PURVI TOLA KHARPITO","Primary","4","4","23.875291","86.031447","https://www.google.com/maps?q=23.875291,86.031447"
"322","NAWADIH","20130606207","SSA NPS RAKSA TUNGRI","Primary","4","4","23.837907","85.96278","https://www.google.com/maps?q=23.837907,85.96278"
"323","NAWADIH","20130605311","SSA NPS SIMATAND","Primary","4","4","23.848494","86.035461","https://www.google.com/maps?q=23.848494,86.035461"
"324","NAWADIH","20130601204","SSA NPS SINDWAR TOLA","Primary","4","4","23.907009","86.066023","https://www.google.com/maps?q=23.907009,86.066023"
"325","NAWADIH","20130609901","SSA NPS SIRSA BERA","Primary","4","4","23.813362","86.076615","https://www.google.com/maps?q=23.813362,86.076615"
"326","NAWADIH","20130607202","SSA NPS SISHWA","Primary","4","4","23.869713","85.908156","https://www.google.com/maps?q=23.869713,85.908156"
"327","NAWADIH","20130607602","SSA NPS TETARIA TAND","Primary","4","4","23.94703","85.896794","https://www.google.com/maps?q=23.94703,85.896794"
"328","NAWADIH","20130606208","SSA NPS TURITOLA (PALAMU)","Primary","4","4","23.836606","85.955894","https://www.google.com/maps?q=23.836606,85.955894"
"329","NAWADIH","20130608501","UPG P S AMJHAR","Primary","4","4","23.843114","86.018604","https://www.google.com/maps?q=23.843114,86.018604"
"330","NAWADIH","20130602802","UPG P S ANDHUA","Primary","4","4","23.855674","85.920321","https://www.google.com/maps?q=23.855674,85.920321"
"331","NAWADIH","20130607702","UPG P S BADAHI (ARGAMO)","Primary","4","4","23.871393","86.008421","https://www.google.com/maps?q=23.871393,86.008421"
"332","NAWADIH","20130606203","UPG P S BADKADIH","Primary","4","4","23.841808","85.942102","https://www.google.com/maps?q=23.841808,85.942102"
"333","NAWADIH","20130602704","UPG P S BAGJOBRA","Primary","4","4","23.830966","86.025239","https://www.google.com/maps?q=23.830966,86.025239"
"334","NAWADIH","20130604804","UPG P S BAKHRITOLA","Primary","4","4","23.888556","86.06445","https://www.google.com/maps?q=23.888556,86.06445"
"335","NAWADIH","20130600203","UPG P S BANDHTAND","Primary","4","4","23.887047","86.082944","https://www.google.com/maps?q=23.887047,86.082944"
"336","NAWADIH","20130606004","UPG P S BANKATWA","Primary","4","4","23.854931","85.977166","https://www.google.com/maps?q=23.854931,85.977166"
"337","NAWADIH","20130605204","UPG P S BARKIBERA","Primary","4","4","23.780814","86.057256","https://www.google.com/maps?q=23.780814,86.057256"
"338","NAWADIH","20130609906","UPG P S BARMASIA","Primary","4","4","23.820474","86.055411","https://www.google.com/maps?q=23.820474,86.055411"
"339","NAWADIH","20130608801","UPG P S BARWADIH","Primary","4","4","23.883225","86.030666","https://www.google.com/maps?q=23.883225,86.030666"
"340","NAWADIH","20130605305","UPG P S BASTAJIA","Primary","4","4","23.853871","86.040265","https://www.google.com/maps?q=23.853871,86.040265"
"341","NAWADIH","20130600802","UPG P S BEHRADIH","Primary","4","4","23.871696","86.098495","https://www.google.com/maps?q=23.871696,86.098495"
"342","NAWADIH","20130603304","UPG P S BELA","Primary","4","4","23.809992","86.019111","https://www.google.com/maps?q=23.809992,86.019111"
"343","NAWADIH","20130603602","UPG P S BELIATAND (ADIWASITOLA)","Primary","4","4","23.84021","86.116139","https://www.google.com/maps?q=23.84021,86.116139"
"344","NAWADIH","20130604202","UPG P S BHALGARTAND","Primary","4","4","23.869048","86.046101","https://www.google.com/maps?q=23.869048,86.046101"
"345","NAWADIH","20130606008","UPG P S BHANDARKUDAR","Primary","4","4","23.850047","85.985744","https://www.google.com/maps?q=23.850047,85.985744"
"346","NAWADIH","20130606607","UPG P S BHARAMTAND","Primary","4","4","23.90281","85.943703","https://www.google.com/maps?q=23.90281,85.943703"
"347","NAWADIH","20130602702","UPG P S BIDWA","Primary","4","4","23.840527","86.021367","https://www.google.com/maps?q=23.840527,86.021367"
"348","NAWADIH","20130603002","UPG P S BIRHORTOLA","Primary","4","4","23.860957","86.01086","https://www.google.com/maps?q=23.860957,86.01086"
"349","NAWADIH","20130602102","UPG P S BOKHARWATAND","Primary","4","4","23.870795","86.022321","https://www.google.com/maps?q=23.870795,86.022321"
"350","NAWADIH","20130605202","UPG P S BRAHILTAND","Primary","4","4","23.791381","86.051559","https://www.google.com/maps?q=23.791381,86.051559"
"351","NAWADIH","20130601802","UPG P S BUTWARIA","Primary","4","4","23.849669","85.878985","https://www.google.com/maps?q=23.849669,85.878985"
"352","NAWADIH","20130605702","UPG P S CHITAHIA","Primary","4","4","23.85627","85.883331","https://www.google.com/maps?q=23.85627,85.883331"
"353","NAWADIH","20130609907","UPG P S CHOTAHI","Primary","4","4","23.812077","86.050779","https://www.google.com/maps?q=23.812077,86.050779"
"354","NAWADIH","20130609908","UPG P S DAHI","Primary","4","4","23.815019","86.0546","https://www.google.com/maps?q=23.815019,86.0546"
"355","NAWADIH","20130606608","UPG P S DHAWAYA","Primary","4","4","23.893148","85.94297","https://www.google.com/maps?q=23.893148,85.94297"
"356","NAWADIH","20130603302","UPG P S DOKWATAND","Primary","4","4","23.797562","86.019034","https://www.google.com/maps?q=23.797562,86.019034"
"357","KASMAR","20131204902","UPG P S HARSALI","Primary","4","4","23.592834","85.932476","https://www.google.com/maps?q=23.592834,85.932476"
"358","KASMAR","20131203204","UPG P S HETHBAD","Primary","4","4","23.549209","85.897339","https://www.google.com/maps?q=23.549209,85.897339"
"359","KASMAR","20131200902","UPG P S JARA (NAWADIH)","Primary","4","4","23.549826","85.954496","https://www.google.com/maps?q=23.549826,85.954496"
"360","KASMAR","20131204203","UPG P S JEHRAKARMALITOLA","Primary","4","4","23.601846","85.893119","https://www.google.com/maps?q=23.601846,85.893119"
"361","KASMAR","20131200904","UPG P S JOLHAKANARI","Primary","4","4","23.551012","85.956788","https://www.google.com/maps?q=23.551012,85.956788"
"362","KASMAR","20131201511","UPG P S JORIYAPAR WEST PART DANTOO","Primary","4","4","23.652022","85.905315","https://www.google.com/maps?q=23.652022,85.905315"
"363","KASMAR","20131200104","UPG P S JUMRA","Primary","4","4","23.489718","85.910947","https://www.google.com/maps?q=23.489718,85.910947"
"364","KASMAR","20131202503","UPG P S KAMARHIR","Primary","4","4","23.561495","85.910558","https://www.google.com/maps?q=23.561495,85.910558"
"365","KASMAR","20131202904","UPG P S KAMARTOLA (SURJUDIH)","Primary","4","4","23.61457","85.916522","https://www.google.com/maps?q=23.61457,85.916522"
"366","KASMAR","20131201802","UPG P S KARMATAND","Primary","4","4","23.620277","85.931177","https://www.google.com/maps?q=23.620277,85.931177"
"367","KASMAR","20131202506","UPG P S KARUJARA","Primary","4","4","23.564235","85.899525","https://www.google.com/maps?q=23.564235,85.899525"
"368","KASMAR","20131201704","UPG P S KATHALTOLA","Primary","4","4","23.520124","85.88371","https://www.google.com/maps?q=23.520124,85.88371"
"369","KASMAR","20131207302","UPG P S KHIJRA","Primary","4","4","23.507942","85.937507","https://www.google.com/maps?q=23.507942,85.937507"
"370","KASMAR","20131200602","UPG P S KHUTAHARA MAHTOTOLA","Primary","4","4","23.593159","85.860314","https://www.google.com/maps?q=23.593159,85.860314"
"371","KASMAR","20131205607","UPG P S KOCHAGORA","Primary","4","4","23.631311","85.922596","https://www.google.com/maps?q=23.631311,85.922596"
"372","KASMAR","20131203102","UPG P S KOYRIJARA","Primary","4","4","23.590856","85.869145","https://www.google.com/maps?q=23.590856,85.869145"
"373","KASMAR","20131205902","UPG P S KUMARIBAGICHA KURKO","Primary","4","4","23.576376","85.908096","https://www.google.com/maps?q=23.576376,85.908096"
"374","KASMAR","20131205102","UPG P S MADAITOLA (TRIYONALA)","Primary","4","4","23.502143","85.938402","https://www.google.com/maps?q=23.502143,85.938402"
"375","KASMAR","20131202604","UPG P S MAHTOTOLA ORMO","Primary","4","4","23.609187","85.898373","https://www.google.com/maps?q=23.609187,85.898373"
"376","KASMAR","20131203103","UPG P S MAHUWATOLA","Primary","4","4","23.595877","85.883249","https://www.google.com/maps?q=23.595877,85.883249"
"377","KASMAR","20131207301","UPG P S MANIPUR","Primary","4","4","23.518853","85.930271","https://www.google.com/maps?q=23.518853,85.930271"
"378","KASMAR","20131201703","UPG P S MASRIDIH","Primary","4","4","23.522262","85.87936","https://www.google.com/maps?q=23.522262,85.87936"
"379","KASMAR","20131207601","UPG P S MEDHA","Primary","4","4","23.552525","85.887867","https://www.google.com/maps?q=23.552525,85.887867"
"380","KASMAR","20131206202","UPG P S MERAMHARA","Primary","4","4","23.518033","85.954255","https://www.google.com/maps?q=23.518033,85.954255"
"381","KASMAR","20131201005","UPG P S MUSLIMTOLA","Primary","4","4","23.525142","85.920149","https://www.google.com/maps?q=23.525142,85.920149"
"382","KASMAR","20131200803","UPG P S MUSLIMTOLA MANJURA","Primary","4","4","23.585085","85.928717","https://www.google.com/maps?q=23.585085,85.928717"
"383","KASMAR","20131202605","UPG P S NAWAJARA","Primary","4","4","23.60123","85.867819","https://www.google.com/maps?q=23.60123,85.867819"
"384","KASMAR","20131203602","UPG P S NICHHANI","Primary","4","4","23.623553","85.953101","https://www.google.com/maps?q=23.623553,85.953101"
"385","KASMAR","20131200806","UPG P S PAGARTAND","Primary","4","4","23.576354","85.908183","https://www.google.com/maps?q=23.576354,85.908183"
"386","KASMAR","20131200302","UPG P S PAKRIBANDH","Primary","4","4","23.565485","85.927055","https://www.google.com/maps?q=23.565485,85.927055"
"387","KASMAR","20131201103","UPG P S PARTAND","Primary","4","4","23.589937","85.89737","https://www.google.com/maps?q=23.589937,85.89737"
"388","KASMAR","20131202402","UPG P S PIRWATAND","Primary","4","4","23.661747","85.945232","https://www.google.com/maps?q=23.661747,85.945232"
"389","KASMAR","20131205608","UPG P S PURABTAND","Primary","4","4","23.619114","85.909402","https://www.google.com/maps?q=23.619114,85.909402"
"390","KASMAR","20131200802","UPG P S PURNAPANI","Primary","4","4","23.586148","85.948027","https://www.google.com/maps?q=23.586148,85.948027"
"391","KASMAR","20131201503","UPG P S ROHANIYATAND (DANTOO)","Primary","4","4","23.650204","85.899543","https://www.google.com/maps?q=23.650204,85.899543"
"392","KASMAR","20131207305","UPG P S SANKARDIH","Primary","4","4","23.501897","85.944733","https://www.google.com/maps?q=23.501897,85.944733"
"393","CHANDRAPURA","20131302104","RAJKIYAKRIT P S ALWIYAN KOLIYARI","Primary","4","4","23.771271","86.166995","https://www.google.com/maps?q=23.771271,86.166995"
"394","CHANDRAPURA","20131303701","RAJKIYAKRIT P S BUDHIDIH","Primary","4","4","23.736447","86.142544","https://www.google.com/maps?q=23.736447,86.142544"
"395","CHANDRAPURA","20131300901","RAJKIYAKRIT P S HARDHOWA","Primary","4","4","23.78263","86.142069","https://www.google.com/maps?q=23.78263,86.142069"
"396","CHANDRAPURA","20131301401","RAJKIYAKRIT P S KURUMBA","Primary","4","4","23.763615","86.14108","https://www.google.com/maps?q=23.763615,86.14108"
"397","CHANDRAPURA","20131302803","RAJKIYAKRIT P S MAKTAB TELO","Primary","4","4","23.809799","86.129857","https://www.google.com/maps?q=23.809799,86.129857"
"398","CHANDRAPURA","20131302105","RAJKIYAKRIT P S NORTH DAMODAR","Primary","4","4","23.757049","86.176743","https://www.google.com/maps?q=23.757049,86.176743"
"399","CHANDRAPURA","20131300611","RAJKIYAKRIT P S PARSATAND (D-2018)","Primary","4","4","23.760792","86.166111","https://www.google.com/maps?q=23.760792,86.166111"
"400","CHANDRAPURA","20131300401","RAJKIYAKRIT P S PIPRADIH STATION","Primary","4","4","23.775697","86.086838","https://www.google.com/maps?q=23.775697,86.086838"
"401","CHANDRAPURA","20131301305","RAJKIYAKRIT P S RAMGARH JHARIYA","Primary","4","4","23.768461","86.164061","https://www.google.com/maps?q=23.768461,86.164061"
"402","CHANDRAPURA","20131301902","RAJKIYAKRIT P S RANGAMATI","Primary","4","4","23.750129","86.103587","https://www.google.com/maps?q=23.750129,86.103587"
"403","CHANDRAPURA","20131302201","RAJKIYAKRIT P S TARAMBI","Primary","4","4","23.779531","86.054645","https://www.google.com/maps?q=23.779531,86.054645"
"404","CHANDRAPURA","20131301409","SSA NPS AGARDIH","Primary","4","4","23.780549","86.117937","https://www.google.com/maps?q=23.780549,86.117937"
"405","CHANDRAPURA","20131301408","SSA NPS AMRATAND","Primary","4","4","23.771429","86.139655","https://www.google.com/maps?q=23.771429,86.139655"
"406","CHANDRAPURA","20131303505","SSA NPS JAMUNIA TAND","Primary","4","4","23.808381","86.146512","https://www.google.com/maps?q=23.808381,86.146512"
"407","CHANDRAPURA","20131300410","SSA NPS KHANUDIH","Primary","4","4","23.750904","86.123416","https://www.google.com/maps?q=23.750904,86.123416"
"408","CHANDRAPURA","20131300616","SSA NPS PHULJHARIYA","Primary","4","4","23.742559","86.144031","https://www.google.com/maps?q=23.742559,86.144031"
"409","CHANDRAPURA","20131302204","SSA NPS SARAIYATAND","Primary","4","4","23.770579","86.067773","https://www.google.com/maps?q=23.770579,86.067773"
"410","CHANDRAPURA","20131302811","SSA NPS TELI BANDH","Primary","4","4","23.824834","86.105331","https://www.google.com/maps?q=23.824834,86.105331"
"411","CHANDRAPURA","20131303404","UPG P S AAMTOLA","Primary","4","4","23.776143","86.128367","https://www.google.com/maps?q=23.776143,86.128367"
"412","CHANDRAPURA","20131302809","UPG P S BADAHI TELO","Primary","4","4","23.822655","86.114246","https://www.google.com/maps?q=23.822655,86.114246"
"413","CHANDRAPURA","20131300609","UPG P S BADKITAND","Primary","4","4","23.746535","86.153893","https://www.google.com/maps?q=23.746535,86.153893"
"414","CHANDRAPURA","20131300608","UPG P S BAGHMARITAND","Primary","4","4","23.737661","86.176972","https://www.google.com/maps?q=23.737661,86.176972"
"415","CHANDRAPURA","20131302703","UPG P S BAHIYARHIR","Primary","4","4","23.823322","86.154035","https://www.google.com/maps?q=23.823322,86.154035"
"416","CHANDRAPURA","20131302402","UPG P S BANDIO","Primary","4","4","23.811842","86.066328","https://www.google.com/maps?q=23.811842,86.066328"
"417","CHANDRAPURA","20131303402","UPG P S BEHRATAND","Primary","4","4","23.796885","86.1345","https://www.google.com/maps?q=23.796885,86.1345"
"418","CHANDRAPURA","20131303104","UPG P S BELIATAND","Primary","4","4","23.780212","86.112367","https://www.google.com/maps?q=23.780212,86.112367"
"419","CHANDRAPURA","20131300610","UPG P S BERABASTI","Primary","4","4","23.733276","86.160341","https://www.google.com/maps?q=23.733276,86.160341"
"420","CHANDRAPURA","20131302702","UPG P S BHALGADHA","Primary","4","4","23.81069","86.155134","https://www.google.com/maps?q=23.81069,86.155134"
"421","CHANDRAPURA","20131302203","UPG P S BHANDARIDAH COLONY","Primary","4","4","23.770082","86.048489","https://www.google.com/maps?q=23.770082,86.048489"
"422","CHANDRAPURA","20131302405","UPG P S BHANDARTOLA","Primary","4","4","23.819539","86.074814","https://www.google.com/maps?q=23.819539,86.074814"
"423","CHANDRAPURA","20131300703","UPG P S BHURSABAD","Primary","4","4","23.765863","86.115633","https://www.google.com/maps?q=23.765863,86.115633"
"424","CHANDRAPURA","20131303503","UPG P S CHIRUBAD","Primary","4","4","23.794159","86.152757","https://www.google.com/maps?q=23.794159,86.152757"
"425","CHANDRAPURA","20131300704","UPG P S DAHI LATBEDHI","Primary","4","4","23.770555","86.111936","https://www.google.com/maps?q=23.770555,86.111936"
"426","CHANDRAPURA","20131302805","UPG P S DANDUDIH","Primary","4","4","23.82308","86.133341","https://www.google.com/maps?q=23.82308,86.133341"
"427","CHANDRAPURA","20131302808","UPG P S FULSODIH","Primary","4","4","23.810311","86.127277","https://www.google.com/maps?q=23.810311,86.127277"
"428","CHANDRAPURA","20131303101","UPG P S GATIGARHA","Primary","4","4","23.784947","86.095318","https://www.google.com/maps?q=23.784947,86.095318"
"429","CHANDRAPURA","20131300801","UPG P S GHUTWAY","Primary","4","4","23.779456","86.161702","https://www.google.com/maps?q=23.779456,86.161702"
"430","CHANDRAPURA","20131303103","UPG P S HARLATAND","Primary","4","4","23.784507","86.105541","https://www.google.com/maps?q=23.784507,86.105541"
"431","CHANDRAPURA","20131302403","UPG P S HATHIYA PATTHAR","Primary","4","4","23.819127","86.081475","https://www.google.com/maps?q=23.819127,86.081475"
"432","CHANDRAPURA","20131302102","UPG P S HIRGHUTTU","Primary","4","4","23.771486","86.172477","https://www.google.com/maps?q=23.771486,86.172477"
"433","CHANDRAPURA","20131300615","UPG P S JHAGRAHIBAD","Primary","4","4","23.73615","86.164703","https://www.google.com/maps?q=23.73615,86.164703"
"434","CHANDRAPURA","20131300606","UPG P S JHARNABASTI","Primary","4","4","23.741785","86.112588","https://www.google.com/maps?q=23.741785,86.112588"
"435","CHANDRAPURA","20131300409","UPG PS JHINJHIRGUTU","Primary","4","4","23.747136","86.094778","https://www.google.com/maps?q=23.747136,86.094778"
"436","CHANDRAPURA","20131303202","UPG P S JUNOURITAND","Primary","4","4","23.787495","86.117606","https://www.google.com/maps?q=23.787495,86.117606"
"437","CHANDRAPURA","20131301702","UPG P S KARAMARA","Primary","4","4","23.747131","86.094797","https://www.google.com/maps?q=23.747131,86.094797"
"438","CHANDRAPURA","20131302501","UPG P S KORKOTA","Primary","4","4","23.798165","86.084358","https://www.google.com/maps?q=23.798165,86.084358"
"439","CHANDRAPURA","20131300702","UPG P S LALMATIA","Primary","4","4","23.761859","86.110208","https://www.google.com/maps?q=23.761859,86.110208"
"440","CHANDRAPURA","20131303405","UPG P S LAXMIPUR","Primary","4","4","23.782092","86.124834","https://www.google.com/maps?q=23.782092,86.124834"
"441","CHANDRAPURA","20131301404","UPG P S MADANPUR","Primary","4","4","23.766189","86.148918","https://www.google.com/maps?q=23.766189,86.148918"
"442","CHANDRAPURA","20131303403","UPG P S MADHUBAN","Primary","4","4","23.794262","86.132903","https://www.google.com/maps?q=23.794262,86.132903"
"443","CHANDRAPURA","20131300607","UPG P S MAILAGARHA","Primary","4","4","23.747233","86.136038","https://www.google.com/maps?q=23.747233,86.136038"
"444","CHANDRAPURA","20131300705","UPG P S MANGALDADI","Primary","4","4","23.766698","86.107352","https://www.google.com/maps?q=23.766698,86.107352"
"445","CHANDRAPURA","20131301403","UPG P S MANJHLIPATRA","Primary","4","4","23.768391","86.114048","https://www.google.com/maps?q=23.768391,86.114048"
"446","CHANDRAPURA","20131302804","UPG P S MIRCHAITAND","Primary","4","4","23.815648","86.113646","https://www.google.com/maps?q=23.815648,86.113646"
"447","CHANDRAPURA","20131301302","UPG P S NAIPAHARI","Primary","4","4","23.797655","86.140031","https://www.google.com/maps?q=23.797655,86.140031"
"448","CHANDRAPURA","20131301303","UPG P S PARSADIH","Primary","4","4","23.766933","86.162066","https://www.google.com/maps?q=23.766933,86.162066"
"449","CHANDRAPURA","20131301603","UPG P S PIPRADIH","Primary","4","4","23.769137","86.086673","https://www.google.com/maps?q=23.769137,86.086673"
"450","CHANDRAPURA","20131303502","UPG P S REHWA","Primary","4","4","23.789664","86.149061","https://www.google.com/maps?q=23.789664,86.149061"
"451","CHANDRAPURA","20131300502","UPG P S SARAIYATAND 1","Primary","4","4","23.7705","86.067786","https://www.google.com/maps?q=23.7705,86.067786"
"452","CHANDRAPURA","20131303002","UPG P S SIMRAKULHI","Primary","4","4","23.7736","86.07048","https://www.google.com/maps?q=23.7736,86.07048"
"453","CHANDRAPURA","20131301903","UPG P S SWEEPERCOLONY","Primary","4","4","23.748028","86.105631","https://www.google.com/maps?q=23.748028,86.105631"
"454","CHANDRAPURA","20131303105","UPG P S TURITOLA","Primary","4","4","23.786542","86.102861","https://www.google.com/maps?q=23.786542,86.102861"
"457","CHANDRAPURA","20131302802","PM SHRI RAJKIYAKRIT M S TELO","Primary with Upper Primary","4","4","23.816879","86.120155","https://www.google.com/maps?q=23.816879,86.120155"
"458","CHANDRAPURA","20131301402","RAJKIYAKRIT M S CHANDANABAD","Primary with Upper Primary","4","4","23.765234","86.136591","https://www.google.com/maps?q=23.765234,86.136591"
"459","CHANDRAPURA","20131301901","RAJKIYAKRIT M S CHANDRAPURA SOUTH","Primary with Upper Primary","4","4","23.747311","86.102428","https://www.google.com/maps?q=23.747311,86.102428"
"460","CHANDRAPURA","20131300601","RAJKIYAKRIT M S DUGDHA","Primary with Upper Primary","4","4","23.750287","86.158741","https://www.google.com/maps?q=23.750287,86.158741"
"461","CHANDRAPURA","20131301301","RAJKIYAKRIT M S KARMATAND","Primary with Upper Primary","4","4","23.762939","86.161753","https://www.google.com/maps?q=23.762939,86.161753"
"462","CHANDRAPURA","20131302001","RAJKIYAKRIT M S RATARI","Primary with Upper Primary","4","4","23.756231","86.142479","https://www.google.com/maps?q=23.756231,86.142479"
"463","CHANDRAPURA","20131302101","RAJKIYAKRIT M S SIJUA","Primary with Upper Primary","4","4","23.760762","86.166104","https://www.google.com/maps?q=23.760762,86.166104"
"464","CHANDRAPURA","20131303001","UPG RAJKIYAKRIT M S ALARGO","Primary with Upper Primary","4","4","23.775866","86.076255","https://www.google.com/maps?q=23.775866,86.076255"
"465","CHANDRAPURA","20131300101","UPG RAJKIYAKRIT M S BANDHDIH","Primary with Upper Primary","4","4","23.763959","86.143859","https://www.google.com/maps?q=23.763959,86.143859"
"466","CHANDRAPURA","20131300201","UPG RAJKIYAKRIT M S BARWADIH","Primary with Upper Primary","4","4","23.753811","86.115211","https://www.google.com/maps?q=23.753811,86.115211"
"467","CHANDRAPURA","20131302701","UPG RAJKIYAKRIT M S CHADRI","Primary with Upper Primary","4","4","23.817303","86.152342","https://www.google.com/maps?q=23.817303,86.152342"
"468","CHANDRAPURA","20131300501","UPG RAJKIYAKRIT M S CHIRUDIH","Primary with Upper Primary","4","4","23.767751","86.074888","https://www.google.com/maps?q=23.767751,86.074888"
"469","CHANDRAPURA","20131300602","UPG RAJKIYAKRIT M S DUGDA COALWASHRI","Primary with Upper Primary","4","4","23.748755","86.16807","https://www.google.com/maps?q=23.748755,86.16807"
"470","CHANDRAPURA","20131302502","UPG RAJKIYAKRIT M S FATEHPUR","Primary with Upper Primary","4","4","23.795254","86.094177","https://www.google.com/maps?q=23.795254,86.094177"
"471","CHANDRAPURA","20131301001","UPG RAJKIYAKRIT M S JARUA MADANPUR","Primary with Upper Primary","4","4","23.776853","86.116669","https://www.google.com/maps?q=23.776853,86.116669"
"472","CHANDRAPURA","20131301201","UPG RAJKIYAKRIT M S KARIDAGDHO","Primary with Upper Primary","4","4","23.78372","86.150889","https://www.google.com/maps?q=23.78372,86.150889"
"473","CHANDRAPURA","20131302901","UPG RAJKIYAKRIT M S KHALCHO","Primary with Upper Primary","4","4","23.812015","86.099416","https://www.google.com/maps?q=23.812015,86.099416"
"474","CHANDRAPURA","20131302404","UPG RAJKIYAKRIT M S LAHARBERA","Primary with Upper Primary","4","4","23.812904","86.088508","https://www.google.com/maps?q=23.812904,86.088508"
"475","CHANDRAPURA","20131303102","UPG RAJKIYAKRIT M S NARRA","Primary with Upper Primary","4","4","23.780093","86.103805","https://www.google.com/maps?q=23.780093,86.103805"
"476","CHANDRAPURA","20131303301","UPG RAJKIYAKRIT M S PAPLO","Primary with Upper Primary","4","4","23.800901","86.115554","https://www.google.com/maps?q=23.800901,86.115554"
"477","CHANDRAPURA","20131301701","UPG RAJKIYAKRIT M S RAJABEDA","Primary with Upper Primary","4","4","23.743158","86.086038","https://www.google.com/maps?q=23.743158,86.086038"
"478","CHANDRAPURA","20131302202","UPG RAJKIYAKRIT M S TARAMBIGRAM","Primary with Upper Primary","4","4","23.777258","86.062254","https://www.google.com/maps?q=23.777258,86.062254"
"479","CHANDRAPURA","20131303401","UPG RAJKIYAKRIT M S TARANARI","Primary with Upper Primary","4","4","23.78794","86.129148","https://www.google.com/maps?q=23.78794,86.129148"
"480","CHANDRAPURA","20131302801","UPG RAJKIYAKRIT M S TELO (KANYA)","Primary with Upper Primary","4","4","23.816504","86.119754","https://www.google.com/maps?q=23.816504,86.119754"
"481","CHANDRAPURA","20131302301","UPG RAJKIYAKRIT M S TURIYO","Primary with Upper Primary","4","4","23.755997","86.043169","https://www.google.com/maps?q=23.755997,86.043169"
"482","CHANDRAPURA","20131300701","UPG RAJKIYAKRIT +2 HIGH SCHOOL GHATIYARI","Pr. with Up.Pr. sec. and H.Sec.","4","4","23.761922","86.109941","https://www.google.com/maps?q=23.761922,86.109941"
"483","CHANDRAPURA","20131300419","JHARKHAND BALIKA AWASIYA VIDYALAYA CHANDRAPURA","Up. Pr. Secondary and Higher Sec","4","4","23.745183","85.832451","https://www.google.com/maps?q=23.745183,85.832451"
"484","CHANDRAPURA","20131300618","KGBV BERMO","Up. Pr. Secondary and Higher Sec","4","4","23.741719","86.106797","https://www.google.com/maps?q=23.741719,86.106797"
"485","CHANDRAPURA","20131302401","RAJKIYAKRIT GOVT. SECONDARY SCHOOL BANDIYO","Pr. Up Pr. and Secondary Only","4","4","23.812257","86.064294","https://www.google.com/maps?q=23.812257,86.064294"
"486","CHANDRAPURA","20131303201","RAJKIYAKRIT GOVT. SECONDARY SCHOOL JUNOURI","Pr. Up Pr. and Secondary Only","4","4","23.783362","86.116421","https://www.google.com/maps?q=23.783362,86.116421"
"487","CHANDRAPURA","20131303501","UPG RAJKIYAKRIT HIGH SCHOOL TARANGA","Pr. Up Pr. and Secondary Only","4","4","23.801535","86.147089","https://www.google.com/maps?q=23.801535,86.147089"
